icao24,first_seen,last_seen,dep,arr,callsign
3b7542,1789740789,1789743779,LFBD,LFML,FAF4131
3b770d,1789373617,1789379240,LFPV,LFMI,CTM1280
3b770d,1789380528,1789382396,LFMI,LFMI,CTM1280
3b770d,1789385070,1789387183,LFMI,LFCN,CTM1280
3b770d,1790853243,1790855264,LFPV,LFQW,CTM1282
3b770d,1790857356,1790860123,LFSX,LFOE,CTM1282
3b770d,1790863722,1790865942,LFOE,LFQW,CTM1282
3b770d,1790868151,1790870250,LFSX,LFPV,CTM1282
3e854f,1789461818,1789464923,EDDK,EDDB,GAF916
3e854f,1789714201,1789717205,EDDB,EDDK,GAF916
3f5d91,1789128199,1789134673,LFBD,EDDK,GAF941
407d8f,1789469657,1789471310,EGWU,EGXT,RRR1965
407d8f,1789734711,1789739951,EGWU,EKCH,RRR1265
407d90,1789051594,1789054189,EGWU,EGNT,RRR1336
407d90,1789060325,1789062855,EGNT,EGTR,RRR1336
407d90,1789496979,1789500095,EGWU,EHBK,RRR1338
407d90,1789548742,1789551778,EHBK,EGWU,RRR1338
407d90,1789639595,1789642949,EGWU,EGPF,KRF28R
407d90,1789649705,1789652948,EGPF,EGWU,RRR1028
407d90,1790777339,1790783589,EGWU,ESSL,RRR1271
407d90,1790861477,1790862489,LCLK,LCRA,RRR1271
4b8c2e,1789657484,1789659327,,LTBA,TRK1
4b8c2e,1790870951,1790872677,,LTBA,TRK1
4bd2b2,1789298028,1789299787,,LTFH,TRK1
4d230d,1789670582,1789673060,EHAM,EGKB,VJT750
4d403f,1789037876,1789041527,LFMN,LFBD,3AMGA
4d403f,1789115440,1789118846,LFBD,LFMN,3AMGA
4d403f,1789136802,1789141568,LFMN,LHBP,3AMGA
4d403f,1789201314,1789206467,LHBP,LFMN,3AMGA
71022b,1789621856,1789623432,,,SVA7286
71022b,1789671761,1789673211,,,SVA7290
7386c0,1789546591,1789547379,,LLNV,AYAL
780d2c,1789088833,1789090661,,ZBAA,CCA1103
7bc006,1789706981,1789708580,,,CCA1508
800585,1789620673,1789622718,VIDP,,VUAVE
800585,1789733891,1789739418,VA1K,VIDP,VUAVE
800c3d,1789532740,1789534708,VIDP,,VUAVF
80169f,1790751469,1790752717,VAJJ,VABB,VTAKV
87c002,1789692479,1789696129,RJCJ,RJCJ,JPNG51
8960ae,1789560859,1789564155,EGSS,LFPB,DUB2
8960ae,1789571322,1789574267,LFPB,EGSS,DUB2
896264,1789712722,1789715038,LGTS,LGAV,AUH03
89636e,1789021059,1789025745,OMAA,OMAA,AUH04
a0014e,1789520602,1789523050,KLUK,KLUK,N1PG
a0014e,1789992674,1789996241,KLUK,CYYZ,N1PG
a0014e,1790815739,1790816458,KBUR,KCMA,N1PG
a0046f,1790090253,1790091759,KHPN,KTEB,N10XG
a0046f,1790540083,1790546922,,KSJC,N10XG
a004bf,1789351402,1789352500,KMDW,KUGN,N100AL
a008fe,1790865708,1790868917,KCLE,TN98,LXJ101
a0c82f,1789317424,1789321304,KROG,KSDF,N15DP
a0c82f,1789577221,1789579996,KSDF,,N15DP
a0c82f,1789598521,1789602422,KAUS,KROG,N15DP
a0c82f,1789732898,1789735589,KROG,KADS,N15DP
a0c82f,1789762661,1789765334,KADS,KROG,N15DP
a0c82f,1789905988,1789911001,KROG,35MI,N15DP
a0ef95,1789149780,1789150674,FD03,KDHN,N16CP
a0ef95,1789504616,1789508826,KSDF,KROG,N16CP
a0ef95,1790078613,1790082736,KROG,3TN8,N16CP
a0ef95,1790108735,1790113546,KTYS,KROG,N16CP
a0ef95,1790253178,1790255007,KROG,KLXT,N16CP
a0ef95,1790285002,1790286729,KLXT,KROG,N16CP
a0ef95,1790683939,1790686798,KROG,,N16CP
a0ef95,1790719938,1790723947,KRFD,KROG,N16CP
a11921,1789042494,1789047448,KROG,KPWK,N17ZP
a11921,1789146216,1789148368,KROG,KGVT,N17ZP
a11921,1789214736,1789218136,KROG,KOMA,N17ZP
a11921,1789301235,1789305951,KROG,KBTL,N17ZP
a11921,1789331250,1789336573,KBTL,KROG,N17ZP
a11921,1789605213,1789606017,KMRY,KSJC,N17ZP
a11921,1789936535,1789940779,KHYI,KROG,N17ZP
a11921,1789992333,1789995226,KROG,KLNC,N17ZP
a11921,1790096828,1790099566,KLNC,KROG,N17ZP
a11921,1790251396,1790253353,KROG,KTOP,N17ZP
a11921,1790510463,1790513984,KROG,KBNA,N17ZP
a11921,1790542784,1790546346,KBNA,KROG,N17ZP
a11921,1790806180,1790810493,KSGU,KMCC,N17ZP
a12c04,1789122731,1789124975,KAFW,KDWH,N175CT
a12c04,1789128711,1789131296,KDWH,KHUM,N175CT
a12c04,1789152939,1789156003,KHUM,KDWH,N175CT
a12c04,1789157749,1789161086,KDWH,KAFW,N175CT
a12c04,1790079999,1790084709,KAFW,KPIA,N175CT
a12c04,1790619818,1790624723,KAFW,KPIA,N175CT
a12c04,1790626662,1790631600,KPIA,KAFW,N175CT
a12c04,1790777281,1790782244,KAFW,KPIA,N175CT
a12c04,1790848876,1790853298,KAFW,KPIA,N175CT
a13e8c,1789176183,1789177415,KSWF,11NY,N18CG
a13e8c,1789315479,1789320669,6NY1,KGYH,N18CG
a13e8c,1789323213,1789327526,KGYH,PA17,N18CG
a13e8c,1789412643,1789415049,NK53,KIAD,N18CG
a13e8c,1789417368,1789419073,KIAD,99PA,N18CG
a13e8c,1789466868,1789469308,4NY8,KIAD,N18CG
a13e8c,1789471117,1789473178,KIAD,NK54,N18CG
a13e8c,1789477488,1789478982,6NY2,CNL3,N18CG
a13e8c,1789607511,1789609213,KIAD,99PA,N18CG
a13e8c,1789678414,1789682222,KCLT,PA17,N18CG
a13e8c,1789690818,1789694187,6NY1,KMBS,N18CG
a13e8c,1790182097,1790183756,NK53,0NY1,N18CG
a13e8c,1790206372,1790207740,KGFL,NK54,N18CG
a13e8c,1790280638,1790285650,6NY2,KPWK,N18CG
a13e8c,1790287601,1790291791,KPWK,6PS3,N18CG
a13e8c,1790367761,1790372831,KELM,KPWK,N18CG
a13e8c,1790374262,1790378192,KPWK,NY34,N18CG
a13e8c,1790547729,1790548999,KMMU,PA33,N18CG
a13e8c,1790596914,1790601749,6NY1,KCLT,N18CG
a13e8c,1790701183,1790703535,NK53,KTEB,N18CG
a13e8c,1790706696,1790708287,KTEB,NK47,N18CG
a13e8c,1790851039,1790852909,NK47,KTEB,N18CG
a13e8c,1790866133,1790870206,KORD,NK24,N18CG
a14704,1789448762,1789450359,,SKBO,N1812C
a14d8b,1788992970,1788994347,KFTY,KCSG,N183TS
a14d8b,1789064108,1789065508,KCLT,9NC9,N183TS
a14d8b,1789522143,1789523700,KFTY,KCSG,N183TS
a14d8b,1790187475,1790188575,KFTY,KFTY,N183TS
a14d8b,1790188575,1790190329,KFTY,KBHM,N183TS
a14d8b,1790195948,1790198379,KBNA,KCSG,N183TS
a14d8b,1790251484,1790254724,KCSG,KBNA,N183TS
a14d8b,1790361541,1790363333,KBHM,KFTY,N183TS
a14d8b,1790364246,1790365587,KFTY,KCSG,N183TS
a14d8b,1790629811,1790632052,KPDK,KBNA,N183TS
a14d8b,1790707410,1790709012,KPDK,KCSG,N183TS
a14d8b,1790850820,1790852204,KCSG,KFTY,N183TS
a14d8b,1790887674,1790889131,KFTY,KCSG,N183TS
a15de5,1789045379,1789047144,KSGR,KAUS,GLH3
a15de5,1789401933,1789404526,KDTO,KSGR,GLH3
a15de5,1789560154,1789566300,KSGR,KGXY,GLH3
a15de5,1790575571,1790577446,YPPH,,N1876P
a16068,1789586271,1789588632,KONT,KLAS,N188WR
a16534,1790576957,1790578852,YPPH,,N1895T
a16534,1790661729,1790663744,,YPPH,N1895T
a16579,1789058404,1789059713,KCAK,3OI6,N1897S
a16579,1789583002,1789587180,KFOK,KCAK,N1897S
a16579,1789654683,1789658091,KCAK,KTEB,N1897S
a16579,1789662150,1789665470,KTEB,KCAK,N1897S
a16579,1790075464,1790078084,KCAK,KIAD,N1897S
a16579,1790784076,1790785380,KCAK,KCMH,N1897S
a16579,1790880556,1790882017,KCMH,KCAK,N1897S
a16692,1790095120,1790096382,KHPN,KTEB,N19HS
a16aad,1789178655,1789180410,VGZR,VGSY,GLH1
a16aad,1789286589,1789288267,,VGZR,GLH1
a16aad,1789513554,1789514890,VTBD,,GLH1
a16aad,1789545911,1789550210,,VTBD,GLH1
a16aad,1790273021,1790278551,KSGR,FL90,GLH1
a16aad,1790580247,1790582235,YPPH,,N1901G
a16d01,1790028648,1790030987,KRNO,KSFO,TWY191
a16d01,1790615391,1790616358,ESSB,ESSA,TWY191
a16d01,1790743400,1790744046,KSFO,63CN,TWY191
a175b1,1790359273,1790361027,,KAPA,DCM4224
a175b1,1790447941,1790449592,,KAPA,DCM4224
a175b1,1790864931,1790866146,KAPA,CD02,DCM4224
a17855,1789749377,1789752713,,KDAL,N194PJ
a184ca,1789171833,1789173282,KHIO,KRDM,N1972
a184ca,1789323070,1789324669,KRDM,KHIO,N1972
a184ca,1789677852,1789680653,KSJC,KVNY,N1972
a184ca,1790181928,1790183885,KHIO,KBFI,N1972
a184ca,1790277854,1790279984,KBFI,KHIO,N1972
a18698,1790029894,1790031479,KAUM,KMSP,N198HF
a18698,1790513426,1790516738,KPWK,KMSP,N198HF
a18698,1790620324,1790623289,KMSP,KPWK,N198HF
a18698,1790859282,1790861095,KAUM,KMSN,N198HF
a18698,1790881800,1790883485,KMSN,KAUM,N198HF
a18a4f,1790167710,1790168990,,KAUM,N199HF
a18a4f,1790197266,1790198565,KAUM,MN28,N199HF
a18a4f,1790859947,1790861751,KAUM,KMSN,N199HF
a18a4f,1790882052,1790883787,KMSN,KAUM,N199HF
a18e7d,1789175184,1789177620,KSJC,KCMA,N2N
a18e7d,1789421436,1789423000,KCMA,KLAX,N2N
a18e7d,1790799987,1790802759,KSJC,KBUR,N2N
a18e7d,1790884857,1790887805,KBUR,KOAK,N2N
a18e7d,1790889721,1790890750,KOAK,KSJC,N2N
a18e9d,1788992199,1788996014,CYYZ,KLUK,N2PG
a18e9d,1790633372,1790636547,CYYZ,KDAY,N2PG
a18e9d,1790638534,1790639849,KDAY,KLUK,N2PG
a18e9d,1790765303,1790768969,KLUK,KCID,N2PG
a18e9d,1790806593,1790810061,KCID,KLUK,N2PG
a1a24e,1789411425,1789414108,71TA,KAUS,EJA204
a1a24e,1789433565,1789434502,KSNA,KLAX,EJA204
a1a24e,1789489040,1789493572,KLAX,,EJA204
a1a24e,1789843551,1789845676,KTEB,KBED,EJA204
a1a24e,1789851127,1789854076,KBED,KTEB,EJA204
a1a24e,1789858841,1789860677,KTEB,KOQU,EJA204
a1a24e,1789928150,1789929295,KOPF,FA80,EJA204
a1a24e,1790013882,1790020709,,KSJC,EJA204
a1a24e,1790094793,1790097749,KSJC,KLAX,EJA204
a1a24e,1790114482,1790117370,KLAX,KSJC,EJA204
a1a24e,1790267871,1790272309,CYYZ,KTEB,EJA204
a1a24e,1790360753,1790362395,KSNA,KVNY,EJA204
a1a24e,1790549103,1790550530,KVNY,KSNA,EJA204
a1a24e,1790630271,1790632737,KSWO,KDAL,EJA204
a1b7ab,1788984378,1788986029,KHRO,KM01,N21FE
a1b7ab,1789425360,1789426926,KMEM,KHRO,N21FE
a1b7ab,1789660848,1789667266,KMDT,KMEM,N21FE
a1b7ab,1789678005,1789680074,KMEM,KBNA,N21FE
a1b7ab,1789765550,1789767691,KBNA,KM01,N21FE
a1b7ab,1790535698,1790537153,KMEM,,N21FE
a1b7ab,1790765802,1790767581,KHRO,KMEM,N21FE
a1b7ab,1790770301,1790775528,KMEM,KCLE,N21FE
a1bf34,1789057155,1789062831,K0A9,KSRQ,N211WG
a1bf34,1789129847,1789131461,KSRQ,KMLB,N211WG
a1bf34,1790007375,1790009046,KMLB,KSRQ,N211WG
a1bf34,1790777139,1790782046,KSRQ,K0A9,N211WG
a1bf34,1790784341,1790789226,K0A9,KSRQ,N211WG
a1e194,1789222168,1789223559,KTEB,KLGA,LXJ220
a1e194,1789395376,1789397988,KJWN,WV77,LXJ220
a1e194,1789410306,1789414323,KPTK,KTEB,LXJ220
a1e194,1789481430,1789487555,KSTL,KAUS,LXJ220
a1e194,1789746410,1789747028,KBUR,KLAX,
a1e194,1789938485,1789940159,KMCO,KPIE,LXJ220
a1e194,1790006490,1790010779,KCLE,KBED,LXJ220
a1e194,1790087710,1790090816,KSJC,KLAX,LXJ220
a1e194,1790110396,1790113525,KSMF,KBUR,LXJ220
a1e194,1790118810,1790119889,KBUR,KSBD,LXJ220
a1e194,1790200837,1790201899,KSBD,KLAX,LXJ220
a1e194,1790297245,1790299246,KSTL,KPLK,LXJ220
a1e194,1790344890,1790349627,,KHOU,LXJ220
a1e194,1790449563,1790450717,KHPN,KMMU,LXJ220
a1e194,1790511494,1790517149,KMMU,KAHN,LXJ220
a1e194,1790539800,1790542062,KDZB,7TX7,LXJ220
a1e194,1790892193,1790895404,KMDD,KDAL,LXJ220
a1ea5a,1790601022,1790602369,KPHX,,N222VR
a1ea5a,1790616060,1790617676,,KPHX,N222VR
a1fed3,1789506150,1789508138,KSGR,KSAT,TWY228
a1fed3,1789654026,1789656449,KSAT,KIAH,TWY228
a200fc,1789345852,1789348667,KPIE,KOPF,N228ZD
a200fc,1789352421,1789355730,KOPF,GA35,N228ZD
a2075a,1789404140,1789406579,KSSI,KPDK,N23NG
a2075a,1789409411,1789414236,KPDK,KIAD,N23NG
a2075a,1790208683,1790214236,KIAD,KMSL,N23NG
a20c6e,1789410342,1789413537,KFTY,KRDU,N231CE
a20c6e,1789754838,1789758015,KFTY,KLUK,N231CE
a20c6e,1790251901,1790257961,KFTY,KTEB,N231CE
a20c6e,1790266305,1790269183,KTEB,KHEF,N231CE
a20c6e,1790643145,1790647010,KPIT,KFTY,N231CE
a2576b,1789671453,1789673197,KLNK,KLNK,N25ZG
a2576b,1789684105,1789687983,KLNK,KUES,N25ZG
a2576b,1790079893,1790081068,KUES,KATW,N25ZG
a2576b,1790114458,1790119409,,KATW,N25ZG
a2576b,1790540691,1790545011,KUES,KBNA,N25ZG
a26f42,1788984472,1788991154,KHPN,KBHM,N256RC
a26f42,1789597623,1789598731,KSNA,KONT,N256RC
a26f42,1789697108,1789701713,KBHM,KMLI,N256RC
a26f42,1789743280,1789746953,KDET,KMLI,N256RC
a26f42,1789748138,1789751025,KMLI,KSDF,N256RC
a26f42,1789761913,1789763996,KSDF,KCHA,N256RC
a26f42,1789765033,1789766512,KCHA,AL40,N256RC
a26f42,1789822600,1789824776,KBHM,8NC9,N256RC
a27d5b,1789045655,1789046572,KX60,KX60,N26HH
a27d5b,1789484527,1789485376,KX60,FA30,N26HH
a2ae0a,1789156892,1789159847,KLFT,KEDC,N272BG
a2ae0a,1789570895,1789573754,KLAX,KNUQ,N272BG
a2ae0a,1789611207,1789614495,KNUQ,KLAX,N272BG
a2ae0a,1790002714,1790013105,KLAX,KMEM,N272BG
a2ae0a,1790016810,1790028637,KMEM,KLAX,N272BG
a2ae0a,1790084089,1790094766,KLAX,KMEM,N272BG
a2ae0a,1790099402,1790112747,KMEM,KNUQ,N272BG
a2ae0a,1790116410,1790119480,KNUQ,KLAX,N272BG
a2ae0a,1790175547,1790178266,KLAX,KNUQ,N272BG
a2ae0a,1790214845,1790218108,KNUQ,KLAX,N272BG
a2ae0a,1790261614,1790264290,KLAX,KNUQ,N272BG
a2ae0a,1790299499,1790302739,KNUQ,KLAX,N272BG
a2ae0a,1790362447,1790373311,KLAX,MS00,N272BG
a2ae0a,1790560943,1790563633,KLAX,KSJC,N272BG
a2ae0a,1790568553,1790574121,KSJC,KBFI,N272BG
a2ae0a,1790780054,1790782867,KHHR,KNUQ,N272BG
a2ae0a,1790825270,1790826184,KHHR,KLGB,N272BG
a2cbdb,1789038071,1789039785,NK47,KMMU,N28CG
a2cbdb,1789043030,1789044726,KMMU,PA33,N28CG
a2cbdb,1789059446,1789061094,KTEB,PA33,N28CG
a2cbdb,1789080076,1789081639,KMMU,PA33,N28CG
a2cbdb,1789124701,1789126343,4NY8,KMMU,N28CG
a2cbdb,1789128326,1789129790,KMMU,PA33,N28CG
a2cbdb,1789140309,1789141632,KELM,KART,N28CG
a2cbdb,1789146280,1789147700,,2NY9,N28CG
a2cbdb,1789158935,1789163098,KGYH,KIAD,N28CG
a2cbdb,1789165364,1789167372,KIAD,99PA,N28CG
a2cbdb,1789503529,1789505080,KCLT,9NC6,N28CG
a2cbdb,1789747923,1789749827,6NY2,CNP7,N28CG
a2cbdb,1789763619,1789767712,NK53,KY89,N28CG
a2cbdb,1789769916,1789773343,KTVC,NY34,N28CG
a2cbdb,1790075595,1790077139,6NY2,NK16,N28CG
a2cbdb,1790096157,1790097634,KOGS,2NY9,N28CG
a2cbdb,1790107436,1790109250,NK53,KMMU,N28CG
a2cbdb,1790280307,1790282145,NK53,KMMU,N28CG
a2cbdb,1790285186,1790286683,KMMU,NK47,N28CG
a2cbdb,1790376605,1790380538,KCLT,8PS0,N28CG
a2cbdb,1790888016,1790889747,NK53,KMMU,N28CG
a2ce01,1789834174,1789839131,KCSG,KIAD,N280AF
a2ce01,1790080594,1790084936,KCSG,KCPS,N280AF
a2ce01,1790637417,1790639558,KCSG,SC13,N280AF
a2ce01,1790643535,1790645674,KCAE,KCSG,N280AF
a2ce95,1789575021,1789577840,KTPA,KSAV,N280GD
a2ce95,1789751741,1789753454,KSVN,GA35,
a2ce95,1789923375,1789926151,KSAV,KTPA,N280GD
a2ce95,1789995406,1789997962,KTPA,0FD5,N280GD
a2ce95,1790023088,1790026129,0FD5,KTPA,N280GD
a2d1e9,1790678624,1790681059,KBAK,KPTK,N281CE
a2d1e9,1790694000,1790695765,,KRST,N281CE
a2d1e9,1790713818,1790715944,KPTK,93IN,N281CE
a2d1e9,1790764147,1790767799,KBAK,KIAD,N281CE
a2d1e9,1790884929,1790888873,KBAK,KRWI,N281CE
a2d1e9,1790896187,1790897995,KBNA,91IN,N281CE
a2d3a9,1789158541,1789162606,KSGR,KTUL,N281WC
a2d3a9,1790109867,1790113883,KTUL,KSAT,N281WC
a2d3a9,1790685542,1790686798,KTUL,,N281WC
a2d3a9,1790710576,1790711923,KHLG,KCMH,N281WC
a2d3a9,1790784836,1790789478,KCMH,,N281WC
a2d3a9,1790871776,1790874645,KRSN,KTUL,N281WC
a2d5a0,1790014797,1790017054,KBAK,IL38,N282CE
a2d5a0,1790251917,1790255998,IN50,KIAD,N282CE
a2d5a0,1790281420,1790285188,KIAD,KBAK,N282CE
a2d5a0,1790622212,1790624412,KIND,KDTW,N282CE
a2d5a0,1790626461,1790629132,KDTW,KIND,N282CE
a2d5a0,1790791554,1790796953,KTEB,KIND,N282CE
a2d6c8,1789506900,1789509485,KMSN,KSTC,PWR5
a2d6c8,1790158551,1790166041,KSTC,12XA,PWR5
a2d6c8,1790277643,1790284897,KODO,MY47,PWR5
a2d6c8,1790678523,1790680896,KSTC,KDSM,PWR5
a2d6c8,1790711905,1790714839,KDSM,,PWR5
a2d957,1789894924,1789897790,LPPR,LEMD,N283CE
a2d957,1790599939,1790602287,KBAK,KBNA,N283CE
a2d957,1790604518,1790608527,KBNA,KRWI,N283CE
a2d957,1790777692,1790781914,KBAK,KRST,N283CE
a2d957,1790785592,1790789103,KRST,IN49,N283CE
a2da7f,1789144646,1789146237,KIAH,KAUS,PWR3
a2da7f,1789166074,1789167936,KAUS,KIAH,PWR3
a2da7f,1789581863,1789585819,KIAD,KSDF,PWR3
a2da7f,1789603971,1789610235,KSDF,KIAH,PWR3
a2da7f,1790103363,1790113352,KIAH,KSAN,PWR3
a2da7f,1790196709,1790205192,KSAN,K3T5,PWR3
a2da7f,1790257567,1790267907,KIAH,KTEB,PWR3
a2da7f,1790298250,1790308914,KTEB,K3T5,PWR3
a2da7f,1790309959,1790311132,K3T5,KIAH,PWR3
a2da7f,1790703471,1790714880,KIAH,,PWR3
a2dd17,1789387293,1789390649,KIAH,KMDD,CON100
a2dd17,1789419551,1789423115,KIAH,98OK,CON100
a2dd17,1789425592,1789429991,KBVO,KIAH,CON100
a2dd17,1789565710,1789566988,KMAF,KCNM,CON100
a2dd17,1789590421,1789591478,,12XA,CON100
a2dd17,1789649284,1789652830,KIAH,KBVO,CON100
a2dd17,1789677443,1789680925,KIAH,KMDD,CON100
a2dd17,1789684112,1789687770,K7T7,KIAH,CON100
a2dd17,1789690739,1789694236,KIAH,98OK,CON100
a2dd17,1789696894,1789701191,98OK,KIAH,CON100
a2dd17,1790016000,1790019718,KMAF,KIAH,CON100
a2dd17,1790023143,1790026745,KIAH,K7T7,CON100
a2dd17,1790195775,1790197435,KCNM,12XA,CON100
a2dd17,1790799823,1790800944,KCNM,12XA,CON100
a2e094,1789502676,1789508392,KCSG,KIAD,N285AF
a2e094,1789511334,1789516138,KIAD,KCSG,N285AF
a2e094,1789742335,1789746926,KIAD,KCSG,N285AF
a2e094,1790719562,1790721446,KBDL,KMJX,N285AF
a2ec14,1789755742,1789759017,KRDG,KBOS,LBQ1098
a2ec14,1789772520,1789773804,KTEB,KRDG,LBQ1098
a2ec14,1789980665,1789981642,KRDG,KTTN,LBQ655
a2ed22,1789173095,1789178350,KBJC,KLAS,EJA288
a2ed22,1789265200,1789266433,KVNY,KSNA,EJA288
a2ed22,1789347142,1789349509,KIAD,KPJC,EJA288
a2ed22,1789352670,1789354386,KPJC,KCMH,EJA288
a2ed22,1789656229,1789660469,KCMH,KTEB,EJA288
a2ed22,1789675637,1789680743,KTEB,KHXD,EJA288
a2ed22,1789736068,1789739778,KHXD,KBNA,EJA288
a2ed22,1789748013,1789751279,KBNA,2MO1,EJA288
a2ed22,1789827804,1789830581,KMBS,KMSN,EJA288
a2ed22,1789834622,1789837446,KMSN,KMSP,EJA288
a2ed22,1789842446,1789846849,KMSP,KMDW,EJA288
a2ed22,1789850359,1789854940,KMDW,,EJA288
a2ed22,1789928790,1789930528,KMDW,KBMG,EJA288
a2ed22,1789937492,1789939846,KBMG,KMDW,EJA288
a2ed22,1789992380,1789994129,KMDW,2LL4,EJA288
a2ed22,1790015702,1790017307,KESN,KIAD,EJA288
a2ed22,1790036287,1790040109,KIAD,KFRG,EJA288
a2ed22,1790101714,1790105876,,KLAS,EJA288
a2ed22,1790108714,1790111305,KLAS,KBUR,EJA288
a2ed22,1790116140,1790117722,KBUR,KSNA,EJA288
a2ed22,1790176881,1790178598,,KSBA,EJA288
a2ed22,1790267143,1790271313,KSDL,KSBP,EJA288
a2ed22,1790274078,1790276657,KSBP,CL36,EJA288
a2ed22,1790280580,1790284460,KSTS,,EJA288
a2ed22,1790532381,1790536101,KDEN,,EJA288
a2ed22,1790547638,1790553428,,59AZ,EJA288
a2ed22,1790708747,1790709989,KPKB,KOSU,EJA288
a2ed22,1790797103,1790797979,KTMB,KFLL,EJA288
a2ed49,1788986197,1788988979,KSDF,KFTY,N288SF
a2ed49,1789137622,1789139186,KCSG,KPDK,N288SF
a2ed49,1789237436,1789238751,KPDK,KCSG,N288SF
a2ed49,1789496478,1789498376,KCSG,KPDK,N288SF
a2ed49,1789503581,1789508587,KPDK,KIAD,N288SF
a2ed49,1789588897,1789592992,KIAD,KPDK,N288SF
a2ed49,1789594030,1789595256,KPDK,KCSG,N288SF
a2ed49,1789937377,1789938728,KCSG,KFTY,N288SF
a2ed49,1789985897,1789987308,KFTY,KCHA,N288SF
a2ed49,1790082219,1790084573,KMQY,MS00,N288SF
a2ed49,1790097406,1790099427,KMEM,KBNA,N288SF
a2ed49,1790101447,1790104276,KBNA,KCSG,N288SF
a2ed49,1790187843,1790190089,KCSG,KGMU,N288SF
a2ed49,1790362413,1790364803,KGMU,KCSG,N288SF
a2ed49,1790527563,1790529193,KCSG,KPDK,N288SF
a2ed49,1790533860,1790538058,KPDK,FL90,N288SF
a2ed49,1790621867,1790623436,KPDK,KCSG,N288SF
a2ed49,1790712276,1790713705,KCSG,KFTY,N288SF
a2ed49,1790716688,1790718438,KFTY,KHSV,N288SF
a2ed49,1790728260,1790729727,KFTY,KCSG,N288SF
a2ed49,1790799445,1790800848,KPDK,KCSG,N288SF
a2ed49,1790881143,1790882729,KCSG,KFTY,N288SF
a2f0d9,1788991218,1788994062,KHVN,KBHB,EJA289
a2f0d9,1789251973,1789257053,MMUN,KTPA,N289QS
a2f0d9,1789259564,1789260701,KTPA,FL86,EJA289
a2f0d9,1789402435,1789404589,KMIA,KTPA,EJA289
a2f0d9,1789499200,1789500904,,KORL,EJA289
a2f0d9,1789584036,1789584659,KORD,KMDW,EJA289
a2f0d9,1789670765,1789673620,KMDW,KEAG,EJA289
a2f0d9,1789705276,1789707927,KBUR,KLAS,EJA289
a2f0d9,1789763210,1789765769,KSJC,KCMA,EJA289
a2f0d9,1790125947,1790128388,KLAS,KSNA,EJA289
a2f0d9,1790348443,1790350848,KMHT,KPVD,EJA289
a2f0d9,1790370630,1790373340,KASG,KDAL,EJA289
a2f0d9,1790426665,1790429536,KDAL,KLBB,EJA289
a2f0d9,1790454284,1790457329,KLBB,KDAL,EJA289
a2f0d9,1790461371,1790463341,KDAL,KAUS,EJA289
a2f0d9,1790612283,1790614212,KPBI,KORL,EJA289
a2f0d9,1790634935,1790636760,KTTN,KBWI,EJA289
a2f0d9,1790644286,1790646439,KBWI,KTEB,EJA289
a2f0d9,1790677620,1790680619,KTEB,KAGC,EJA289
a2f0d9,1790684892,1790686798,KAGC,,EJA289
a2f0d9,1790785772,1790790958,,KMHR,EJA289
a2f0d9,1790865746,1790870366,KCRQ,KSFO,EJA289
a2f0d9,1790885642,1790890642,,KBFI,EJA289
a31c25,1789582451,1789583121,KIAD,VG43,N3RP
a31c25,1789598765,1789603105,,KBED,N3RP
a31c25,1789772386,1789774836,KGNV,4AL9,N3RP
a31c25,1789916517,1789918970,KMGM,KGNV,N3RP
a31c25,1789920886,1789922906,KGNV,KSRQ,N3RP
a31c25,1790266302,1790270203,KFTY,KSRQ,N3RP
a31c25,1790720865,1790723386,KJAX,KSRQ,N3RP
a31e60,1789259893,1789261444,KBWI,KTTN,N30QJ
a31e60,1789409151,1789415749,,KTTN,N30QJ
a31e60,1789575821,1789579051,KCLE,KTTN,N30QJ
a31e60,1790020907,1790023243,KTTN,KDCA,N30QJ
a31e60,1790298599,1790299799,KPIT,,N30QJ
a31e60,1790757183,1790758878,EBAW,EHAM,N30QJ
a31e60,1790836168,1790838709,EHAM,EGGW,N30QJ
a32036,1788986113,1788990953,KTEB,KLUK,N300KC
a32036,1789041765,1789044492,KLUK,KBNA,N300KC
a32036,1789079979,1789083011,KPDK,KLUK,N300KC
a32036,1789563615,1789565909,KMMU,KMVY,N300KC
a32036,1789672447,1789674885,KLUK,TN79,N300KC
a32036,1789816275,1789817879,KLUK,KIND,N300KC
a32036,1789838730,1789840216,KIND,KLUK,N300KC
a32036,1790698711,1790700056,KM33,KMMI,N300KC
a32036,1790713653,1790716403,KRZR,KLUK,N300KC
a32038,1789179917,1789182466,KAFW,KTUL,N300KE
a32038,1789230876,1789233235,KTUL,KDAL,N300KE
a32038,1789315627,1789319649,KTUS,,N300KE
a32038,1789476233,1789480732,,KBED,N300KE
a32038,1789676976,1789682035,KELP,KDAL,N300KE
a32038,1789683714,1789686151,KDAL,KTUL,N300KE
a32038,1789988531,1789991024,KTUL,KDAL,N300KE
a32038,1789993255,1789995207,KDAL,KRVS,N300KE
a32038,1790024890,1790027527,KTUL,KDAL,N300KE
a32038,1790029130,1790031226,KDAL,26OK,N300KE
a32038,1790168802,1790171297,KTUL,KDAL,N300KE
a32038,1790248156,1790250564,KTUL,KDAL,N300KE
a32038,1790252556,1790254407,KDAL,2OL2,N300KE
a32038,1790284411,1790286703,KTUL,KDAL,N300KE
a32038,1790288041,1790290453,KDAL,KTUL,N300KE
a32038,1790635924,1790639972,KHOU,KTUL,N300KE
a32148,1790620302,1790624030,KIXD,KIXD,GARMN16
a32148,1790626863,1790632587,KIXD,SN59,GARMN16
a32148,1790694803,1790696802,KIXD,SN59,GARMN16
a327a4,1789576489,1789579072,,KLUK,N302KC
a327a4,1790793175,1790797927,KSLC,KSNA,N302KC
a32879,1789099551,1789101276,PHNL,PHKO,RKS3
a32f12,1789072206,1789076045,KIAD,KLUK,N304KC
a32f12,1789243722,1789246999,CYYZ,KCMH,N304KC
a32f12,1789764797,1789767103,KMDW,8KY6,N304KC
a32f12,1790205370,1790207029,KPDX,KBFI,N304KC
a32f12,1790291349,1790294339,KMKE,KLUK,N304KC
a347b7,1789080941,1789084233,KHOU,2OL2,N310KE
a347b7,1789302736,1789305163,KTUL,KDAL,N310KE
a347b7,1789310956,1789314885,KACT,KELP,N310KE
a347b7,1789399580,1789401523,,IN93,N310KE
a347b7,1789404851,1789406620,KSBN,,N310KE
a347b7,1789485425,1789487699,,II43,N310KE
a347b7,1789662804,1789664440,KHOU,KAUS,N310KE
a347b7,1789666180,1789667429,KAUS,2TS3,N310KE
a347b7,1789668810,1789671458,2TS3,KTUL,N310KE
a347b7,1789995241,1789998952,KHOU,KTUL,N310KE
a347b7,1790017673,1790020079,KTUL,KDAL,N310KE
a347b7,1790021835,1790023679,KDAL,2OL2,N310KE
a347b7,1790035684,1790039183,KHOU,2OL2,N310KE
a347b7,1790166945,1790168754,KDAL,2OL2,N310KE
a347b7,1790875255,1790877163,KTUL,KOJA,N310KE
a347b7,1790888325,1790890070,KOJA,KTUL,N310KE
a39473,1789826753,1789829707,KCLT,KIAD,N33LC
a39dd0,1789071557,1789076750,KELP,KLAS,LXJ332
a39dd0,1789151467,1789154894,KTRK,KVNY,LXJ332
a39dd0,1789553115,1789555047,KFRG,KACK,LXJ332
a39dd0,1789757381,1789758545,,,LXJ332
a39dd0,1789916994,1789917596,KORF,KPHF,LXJ332
a39dd0,1790029108,1790032151,KBED,KTEB,LXJ332
a39dd0,1790036665,1790038217,KTEB,KFOK,LXJ332
a39dd0,1790096658,1790098822,KPHL,KIAD,LXJ332
a39dd0,1790188394,1790190105,KSGR,KAUS,LXJ332
a39dd0,1790363063,1790366039,CYVR,KCOE,LXJ332
a39dd0,1790465430,1790466333,KLAX,KVNY,LXJ332
a3ad24,1789671013,1789673478,KLAS,KVNY,N336LS
a3ad24,1789967564,1789970002,KVNY,KLAS,N336LS
a3ad24,1790793145,1790795560,KLAS,KVNY,N336LS
a3b0db,1789484958,1789487681,KLAS,KVNY,N337LS
a3b492,1789686404,1789689285,LPPR,LEMD,N338LS
a3b492,1789848050,1789851524,LEMD,LPPT,N338LS
a3b492,1789877953,1789880056,LCLK,LLBG,N338LS
a3b492,1790744628,1790746509,LLBG,LCLK,N338LS
a3b849,1789409163,1789411378,KLAS,KSNA,N339LS
a3b849,1790707786,1790710016,KLAS,KLAX,N339LS
a3c906,1789138058,1789141010,KPWK,KCLE,LXJ343
a3c906,1789928382,1789929016,KCLE,KCLE,LXJ343
a3c906,1790188705,1790192127,KCLE,KPHL,LXJ343
a3c906,1790195126,1790200428,KPHL,KSAV,LXJ343
a3c906,1790260049,1790262791,KSAV,KECP,LXJ343
a3c906,1790356745,1790357816,KMIA,FL77,LXJ343
a3c906,1790521904,1790524226,KGNV,1FD4,LXJ343
a3c906,1790532520,1790535693,,KJAX,LXJ343
a3c906,1790550163,1790553535,KLWM,KBUF,LXJ343
a3c906,1790614921,1790617859,KBUF,KPTK,LXJ343
a3c906,1790622955,1790624573,KPTK,K4Y4,LXJ343
a3c906,1790793656,1790796929,KSFO,KLAX,LXJ343
a3c906,1790800143,1790805532,KLAX,,LXJ343
a3c906,1790889825,1790891954,KORF,8NC5,LXJ343
a3cdb2,1788984873,1788987127,KIAD,KORF,N344RS
a3cdb2,1789058561,1789060509,KORF,KIAD,N344RS
a3cdb2,1789063397,1789067538,KIAD,KHVN,N344RS
a3cdb2,1789080752,1789081951,KIAD,KMTN,N344RS
a3cdb2,1790237369,1790238433,KMTN,KIAD,N344RS
a3cdb2,1790395240,1790396401,KIAD,KMTN,N344RS
a3cdb2,1790648410,1790651007,KMIA,KMCO,N344RS
a3cdb2,1790713783,1790715166,KIAD,KMTN,N344RS
a3f6d3,1788991346,1788993406,KHIO,KBFI,N3546
a3f6d3,1789748953,1789750331,KEWR,KBDL,N3546
a3f6d3,1790892672,1790895848,KSYR,KHYA,N3546
a3f9a1,1789066371,1789069989,KBOS,KJFK,N355ZB
a3f9a1,1789077786,1789078807,KJFK,KOXC,N355ZB
a3f9a1,1789419519,1789421132,KOXC,KTEB,N355ZB
a3f9a1,1789569817,1789570989,KTEB,CT59,N355ZB
a3f9a1,1790196160,1790198417,EGKB,EBMB,N355ZB
a3f9a1,1790240359,1790243609,EBMB,EDDM,N355ZB
a406e3,1789144189,1789146086,KBWI,KORF,N359GS
a406e3,1789166509,1789169355,KORF,KMTN,N359GS
a406e3,1789345357,1789348313,KIAD,KTEB,N359GS
a406e3,1789404999,1789406380,KIAD,KMTN,N359GS
a406e3,1789676615,1789677883,KMTN,KIAD,N359GS
a406e3,1790167068,1790168797,KMTN,KIAD,N359GS
a406e3,1790298251,1790299454,KIAD,KMTN,N359GS
a406e3,1790332740,1790335554,KMTN,KHVN,N359GS
a406e3,1790352038,1790355595,KHVN,KIAD,N359GS
a432a5,1789395911,1789400399,KSNA,,N37NG
a432a5,1789581769,1789584880,KIAD,KTEB,N37NG
a432a5,1790102846,1790105531,EPMO,EDDB,N37NG
a43416,1790083007,1790085172,KCID,K3K6,N370D
a43416,1790095741,1790097259,KBLV,KBMI,N370D
a43416,1790339688,1790342117,KIXD,KCID,N370D
a4592a,1789125086,1789127698,6NY1,KIAD,N38CG
a4592a,1789130118,1789132042,KIAD,NK47,N38CG
a4592a,1789302994,1789304785,NK47,KMGJ,N38CG
a4592a,1789316348,1789317595,KCAE,KCLT,N38CG
a4592a,1789575126,1789579109,KCLT,99PA,N38CG
a4592a,1789661081,1789665539,PA17,KILM,N38CG
a4592a,1789770997,1789775038,KCLT,99PA,N38CG
a4592a,1789900676,1789904689,6NY2,MI60,N38CG
a4592a,1789907431,1789910827,KY89,47NY,N38CG
a4592a,1789988571,1789990409,NK47,KMMU,N38CG
a4592a,1789993615,1789995102,KMMU,NK47,N38CG
a4592a,1790006906,1790011436,NK53,KILM,N38CG
a4592a,1790013952,1790015576,KILM,KRDU,N38CG
a4592a,1790075063,1790076939,NK53,KMMU,N38CG
a4592a,1790079590,1790081301,KMMU,PA17,N38CG
a4592a,1790282319,1790286363,KCLT,8PS0,N38CG
a4592a,1790334257,1790336038,4NY8,KMMU,N38CG
a4592a,1790348820,1790350257,KELM,89NY,N38CG
a4592a,1790355340,1790356780,KOGS,NK24,N38CG
a4592a,1790593642,1790596116,NK47,KHPN,N38CG
a4592a,1790599044,1790600483,KHPN,PA33,N38CG
a4592a,1790611854,1790616263,NK53,KILM,N38CG
a4592a,1790619242,1790620811,,KRDU,N38CG
a4592a,1790679814,1790681633,NK47,KMMU,N38CG
a4592a,1790712532,1790713960,NK54,11NY,N38CG
a4592a,1790765117,1790767069,NK47,KTEB,N38CG
a4592a,1790791212,1790792781,KTEB,PA33,N38CG
a4592a,1790852360,1790854169,NK47,KMMU,N38CG
a4592a,1790892090,1790895463,KLUK,PA75,N38CG
a45a24,1789396279,1789399992,KCLL,KROG,N38NG
a45a24,1789401636,1789406002,KROG,IN93,N38NG
a45a24,1789408990,1789412882,KSBN,KIAD,N38NG
a45a24,1790114721,1790121508,KMKC,KIAD,N38NG
a45a24,1790280716,1790285467,KIAD,KMSL,N38NG
a45a24,1790851672,1790852876,KIAD,KBWI,N38NG
a47898,1789382279,1789384699,KIAD,KTEB,N3877
a47898,1789432838,1789435263,KBWI,KTEB,N3877
a47898,1790756828,1790758400,EDDS,EDDM,N3877
a47b5a,1790203568,1790204405,KMRY,KNUQ,TWY87
a47b5a,1790266340,1790282025,KNUQ,KIAD,TWY87
a47b5a,1790305266,1790319809,KIAD,,TWY87
a47b5a,1790436181,1790439473,KMRY,KLAS,TWY87
a47b5a,1790529642,1790533136,KLAS,KNUQ,TWY87
a47b5a,1790535510,1790536222,KNUQ,KOAR,TWY87
a47b5a,1790609433,1790610255,KMRY,KNUQ,TWY87
a47b5a,1790620807,1790635970,KNUQ,KIAD,TWY87
a47b5a,1790734778,1790735487,KNUQ,KOAR,TWY87
a480f2,1789059490,1789060697,KACT,KAUS,N39FE
a480f2,1789309956,1789314584,KAUS,MS00,N39FE
a480f2,1789671266,1789672633,TN43,,N39FE
a480f2,1789730534,1789732602,,KALN,N39FE
a480f2,1790247097,1790250680,KMEM,KDAL,N39FE
a480f2,1790357584,1790359066,KMEM,,N39FE
a480f2,1790361477,1790363350,,KMKC,N39FE
a480f2,1790513058,1790514712,KMKC,MO64,N39FE
a480f2,1790529574,1790531998,KROG,MS00,N39FE
a480f2,1790535038,1790537350,KMEM,KROG,N39FE
a480f2,1790546910,1790549204,KROG,MS00,N39FE
a480f2,1790773317,1790774802,KMEM,K4A5,N39FE
a480f2,1790793303,1790797288,KMVY,KN96,N39FE
a480f2,1790798914,1790801142,KUNV,KCLE,N39FE
a480f2,1790894861,1790898550,KCLT,KCLE,N39FE
a491c0,1789497065,1789502151,KBNA,KDAB,N394BB
a491c0,1789564277,1789566913,KOPF,KDAB,N394BB
a491c0,1789654201,1789656762,KOPF,KDAB,N394BB
a491c0,1789748789,1789750010,KDAB,KMCO,N394BB
a491c0,1790183241,1790184152,KMCO,KDAB,N394BB
a493a2,1790319147,1790322498,EGLF,EDDL,N394WJ
a4acbd,1789036383,1789039024,,VIDP,N400BC
a4acbd,1790291075,1790292236,1NY5,KAVP,N400BC
a4acbd,1790346958,1790347889,2PA3,NY09,N400BC
a4bc9c,1789142917,1789146038,KRDU,KBWI,N404MM
a4bc9c,1789157185,1789159702,KBWI,KRDU,N404MM
a4bc9c,1789258144,1789262180,KTEB,KRDU,N404MM
a4bc9c,1789577985,1789580518,KOAK,KSBP,N404MM
a4c18c,1789581600,1789585261,,KBED,N4050
a4c18c,1790090429,1790091983,KSWF,KTEB,N4050
a4dbe4,1789041989,1789045154,KAGC,KTEB,00000000
a4dbe4,1789237034,1789241116,KAGC,KFOK,00000000
a4dbe4,1789318400,1789321888,KFOK,KAGC,00000000
a4dbe4,1789497934,1789500137,KAGC,KDCA,00000000
a4dbe4,1790087394,1790089837,KAGC,KDCA,00000000
a4dbe4,1790195262,1790197261,KDCA,KAGC,00000000
a4dbe4,1790634554,1790637170,KAGC,KPHL,00000000
a4dbe4,1790638829,1790639919,KPHL,KTTN,00000000
a4dbe4,1790641340,1790643613,KTTN,KHPN,00000000
a4dbe4,1790885084,1790888130,KTEB,KAGC,00000000
a4e46b,1788986332,1788988987,KMSY,,EJA414
a4e46b,1789034617,1789037353,KIAH,KDFW,EJA414
a4e46b,1789232607,1789234629,KDAL,KAUS,EJA414
a4e46b,1789332949,1789334559,KCMH,KLUK,EJA414
a4e46b,1789387955,1789390844,KLUK,KGSP,EJA414
a4e46b,1789425510,1789427869,KTPA,KOPF,EJA414
a4e46b,1789474798,1789475848,KOPF,FA37,EJA414
a4e46b,1789478834,1789480335,,KSRQ,EJA414
a4e46b,1789498387,1789499385,KFCI,1VA9,EJA414
a4e46b,1789556985,1789557958,KRMN,KIAD,EJA414
a4e46b,1789589802,1789592276,KORF,KIAD,EJA414
a4e46b,1789649451,1789650389,KRMN,KFCI,EJA414
a4e46b,1789653870,1789660043,KFCI,KSRQ,EJA414
a4e46b,1789754403,1789756431,,8NC9,EJA414
a4e46b,1789772344,1789773880,KGON,KPYM,EJA414
a4e46b,1789834607,1789838744,KPYM,KROC,EJA414
a4e46b,1789851010,1789854524,KROC,KBHB,EJA414
a4e46b,1789864249,1789865114,KMMU,KTEB,EJA414
a4e46b,1790256011,1790257166,KMDT,KBWI,EJA414
a4e46b,1790261384,1790264008,KBWI,KTEB,EJA414
a4e46b,1790271077,1790271698,KTEB,KHPN,EJA414
a4e46b,1790275270,1790277928,KHPN,VA45,EJA414
a4e46b,1790282075,1790285155,78VA,KLGA,EJA414
a4e46b,1790348160,1790351307,KMSN,KSUS,EJA414
a4e46b,1790364309,1790366291,KLNK,KIXD,EJA414
a4e46b,1790547266,1790549549,KJAX,KCHS,EJA414
a4e46b,1790592165,1790596281,KCLT,KMCO,EJA414
a4e46b,1790599351,1790600361,KMCO,FD20,
a4e46b,1790619990,1790621680,KIXD,KICT,EJA414
a4e46b,1790634941,1790636097,KICT,KICT,EJA414
a4e46b,1790894559,1790895681,,KPBI,EJA414
a4ee53,1789136084,1789139335,KSMO,KSFO,N417C
a4ee53,1789157901,1789161273,KSFO,KSMO,N417C
a500e9,1789158125,1789163548,KTEB,KAZO,N421SC
a500e9,1789397078,1789401469,KBTL,KMMU,N421SC
a500e9,1790030607,1790034626,KIAD,KAZO,N421SC
a500e9,1790187848,1790189608,KAZO,KUES,N421SC
a500e9,1790302170,1790307040,KTEB,KAZO,N421SC
a500e9,1790786165,1790790869,KAZO,KTEB,N421SC
a5042e,1789348831,1789350051,KLAX,KVNY,N422MP
a5042e,1789677787,1789681006,KHWD,KVNY,N422MP
a5042e,1789937625,1789940691,KSAT,KADS,N422MP
a5042e,1790345029,1790348186,KVNY,KMCC,N422MP
a5042e,1790628951,1790632053,KMCC,KVNY,N422MP
a57061,1789560953,1789563377,KROG,KMEM,N45GH
a57061,1789592901,1789595052,KMEM,KROG,N45GH
a57061,1789650940,1789653081,KROG,KMKC,N45GH
a57061,1789675434,1789677315,KMKC,KROG,N45GH
a57061,1789733979,1789738317,KROG,KMDW,N45GH
a57061,1790095687,1790098025,KTPA,02FL,N45GH
a57061,1790165873,1790170271,KROG,21TN,N45GH
a57061,1790259379,1790263388,KROG,KAUS,N45GH
a57061,1790281517,1790285341,KAUS,KROG,N45GH
a57061,1790770213,1790775011,KROG,KCRP,N45GH
a5707c,1790028755,1790032364,KROG,KROG,N45HK
a572b9,1790822976,1790826071,KSJC,KHHR,N450GG
a5941e,1789510230,1789513961,KSTL,KPTK,LXJ459
a5941e,1789829012,1789832008,KVNY,KSFO,LXJ459
a5941e,1789913351,1789919939,KPDK,MA72,LXJ459
a5941e,1790003865,1790006233,KADS,,LXJ459
a5941e,1790008973,1790011558,,KMKC,LXJ459
a5bf2c,1789133102,1789134229,KTEB,2PA4,N47EG
a5bf2c,1789151098,1789153099,,KHPN,N47EG
a5bf2c,1789155540,1789156571,KHPN,KMMU,N47EG
a5bf2c,1790538020,1790544192,,KMMU,N47EG
a5bf2c,1790602601,1790603773,KMMU,KHPN,N47EG
a5bf2c,1790608862,1790615207,KHPN,KBNA,N47EG
a5e679,1790186561,1790188600,KLNK,KLNK,N48CG
a5f06e,1789536292,1789537459,KBWI,KILG,N482EC
a5f06e,1789647577,1789653016,KILG,KJWN,N482EC
a5f06e,1789683702,1789689329,KILG,KJWN,N482EC
a5f06e,1789904028,1789905504,KJQF,SC97,N482EC
a5f06e,1789907840,1789910573,KGYH,KAUO,N482EC
a5f06e,1789914570,1789931445,KAUO,KSTS,N482EC
a5f06e,1790117842,1790130866,KSTS,KJWN,N482EC
a5f06e,1790132506,1790137429,KJWN,KILG,N482EC
a5f06e,1790612534,1790613798,KILG,KBWI,N482EC
a5f06e,1790617211,1790627479,KBWI,KAUS,N482EC
a5f06e,1790800163,1790801249,KBWI,KILG,N482EC
a5f06e,1790878754,1790883169,KSFO,,N482EC
a5f7dc,1789502736,1789508649,KMLI,KILG,N484EC
a5f7dc,1789580511,1789581509,KILG,KBWI,N484EC
a5f7dc,1789693376,1789694494,KBWI,KILG,N484EC
a5f7dc,1789829824,1789830896,KILG,MD43,N484EC
a5f7dc,1789907514,1789911808,KSTS,KSAN,N484EC
a5f7dc,1789919045,1789923041,KSAN,KSTS,N484EC
a5f7dc,1790119911,1790136431,KSTS,KBWI,N484EC
a5f7dc,1790137578,1790188579,KBWI,KILG,N484EC
a5f7dc,1790188579,1790194768,KILG,KJWN,N484EC
a5f7dc,1790267095,1790284622,KSFO,KILG,N484EC
a5f7dc,1790626314,1790628873,KILG,1NY9,N484EC
a5f7dc,1790630535,1790633377,KFZY,KILG,N484EC
a5f7dc,1790697593,1790700541,KHOU,,N484EC
a5f7dc,1790816730,1790817760,KBWI,KILG,N484EC
a5f7e5,1790032446,1790033751,KUNV,KLNS,N484EM
a627d1,1789050042,1789052306,KTEB,KBWI,EJA496
a627d1,1789056465,1789059869,KBWI,7NY8,EJA496
a627d1,1789215743,1789217972,KDAL,KM99,EJA496
a627d1,1789407564,1789408338,KAVL,KGMU,EJA496
a627d1,1789413064,1789414048,KGMU,KCAE,EJA496
a627d1,1789427190,1789428363,KCUB,KGYH,EJA496
a627d1,1789497455,1789499092,KGMU,K3J1,EJA496
a627d1,1789503630,1789506154,,KPDK,EJA496
a627d1,1789585787,1789586754,KHPN,PA49,EJA496
a627d1,1789592139,1789593691,KAVP,84NY,EJA496
a627d1,1789606278,1789607488,KROC,01PS,EJA496
a627d1,1789658597,1789660014,KAVP,KTEB,EJA496
a627d1,1789682872,1789685877,KHPN,KOKV,EJA496
a627d1,1789742479,1789744899,KLEX,KCAK,EJA496
a627d1,1789830976,1789831754,KBNA,KJWN,EJA496
a627d1,1789837177,1789838959,KJWN,AL40,EJA496
a627d1,1789849893,1789851880,,KJWN,EJA496
a627d1,1790255391,1790256656,KJWN,KBNA,EJA496
a627d1,1790268456,1790272776,KBNA,KCLE,EJA496
a627d1,1790277362,1790279048,KCLE,K4D0,EJA496
a627d1,1790290628,1790294106,KCHS,KPBI,EJA496
a627d1,1790342106,1790343223,KPBI,FA37,EJA496
a627d1,1790367893,1790373377,KLAF,KPHL,EJA496
a627d1,1790375243,1790376851,KPHL,KTEB,EJA496
a627d1,1790424098,1790429352,KTEB,TN98,EJA496
a627d1,1790455590,1790457377,KTYS,KBNA,EJA496
a627d1,1790512400,1790516639,KBNA,KMKC,EJA496
a627d1,1790540749,1790546304,,KSDL,EJA496
a627d1,1790549880,1790551501,KSDL,KTUS,EJA496
a627d1,1790604849,1790610104,KTUS,,EJA496
a627d1,1790699022,1790703603,KSLC,68WA,EJA496
a627d1,1790726595,1790732055,K36U,KSMO,EJA496
a627d1,1790735232,1790736612,KSMO,KSBA,EJA496
a627d1,1790785264,1790790547,KSBA,,EJA496
a627d1,1790798461,1790804242,,CYEG,EJA496
a627d1,1790893532,1790896195,KLEX,II43,EJA496
a6368a,1789078030,1789084472,KBED,KLUK,N5PG
a6368a,1789747204,1789752388,KLUK,KBED,N5PG
a6368a,1789754624,1789760542,KBED,KLUK,N5PG
a6368a,1789992543,1789995935,KLUK,CYYZ,N5PG
a66cea,1789741101,1789744834,KAGC,TN97,N513DL
a66cea,1789922082,1789926242,KBNA,KAGC,N513DL
a66cea,1790196441,1790199376,KRDU,KAGC,N513DL
a66d27,1789149773,1789150390,,,LXJ513
a66d27,1789304677,1789307471,KDAL,7TX7,LXJ513
a66d27,1789397235,1789399451,KBFI,KRDM,LXJ513
a66d27,1789404287,1789408299,KRDM,KOAK,LXJ513
a66d27,1789737130,1789739957,,KCMH,LXJ513
a66d27,1789772237,1789773719,,,LXJ513
a66d27,1789932751,1789933913,KMCO,KTPA,LXJ513
a66d27,1790268991,1790271658,KTEB,KIAD,LXJ513
a66d27,1790532443,1790539153,KDEN,,LXJ513
a66d27,1790542299,1790544383,KTRK,3CA9,LXJ513
a6784c,1788992653,1788993735,KSAN,KSNA,LXJ516
a6784c,1788998703,1789001414,KSNA,KSGU,LXJ516
a6784c,1789219427,1789220627,KPWK,KMDW,LXJ516
a6784c,1789238321,1789242025,,KSDL,LXJ516
a6784c,1789250941,1789254034,KSDL,KSNA,LXJ516
a6784c,1789338880,1789342458,KYIP,KIAD,LXJ516
a6784c,1789510463,1789514525,KPDK,KSUS,LXJ516
a6784c,1789574919,1789576101,KLAX,KSBA,LXJ516
a6784c,1789596153,1789596805,KUGN,KPWK,LXJ516
a6784c,1789816310,1789817189,KCGF,KCLE,LXJ516
a6784c,1789821930,1789825721,KCLE,KCEU,LXJ516
a6784c,1789922200,1789924557,,KBTR,LXJ516
a6784c,1789927277,1789931361,KBTR,KBNA,LXJ516
a6784c,1790081725,1790084069,,KPNE,LXJ516
a6784c,1790110920,1790113550,KVGT,KVNY,LXJ516
a6784c,1790118731,1790121590,KVNY,KSJC,LXJ516
a6784c,1790173699,1790176961,KSJC,,LXJ516
a6784c,1790252586,1790255902,KPDK,KRDU,LXJ516
a6784c,1790281141,1790283124,KPHF,VA85,LXJ516
a6784c,1790346725,1790348535,KCGF,KOSU,LXJ516
a6784c,1790350279,1790351946,KOSU,KCGF,LXJ516
a6784c,1790360700,1790362049,KCGF,KDTW,LXJ516
a6784c,1790368620,1790373013,KDTW,KHPN,LXJ516
a6784c,1790375672,1790376964,KHPN,KTEB,LXJ516
a6784c,1790425435,1790430978,KTEB,KIND,LXJ516
a6784c,1790448706,1790451414,KIND,98TN,LXJ516
a6784c,1790539614,1790542677,KPIR,KMSP,LXJ516
a6784c,1790606954,1790608705,KMSP,12IA,LXJ516
a6784c,1790780161,1790782888,KMDW,KCLE,LXJ516
a6784c,1790806060,1790809491,,KHPN,LXJ516
a6784c,1790866590,1790869037,KTEB,KIAD,LXJ516
a6784c,1790872111,1790877376,KIAD,KMDW,LXJ516
a67c72,1789005854,1789009267,KPWK,KOSU,SKQ22
a67c72,1789023074,1789026563,KSTL,KOSU,SKQ22
a67c72,1789028295,1789032155,KOSU,KBUY,SKQ22
a67c72,1789107878,1789111379,KSTL,KOSU,SKQ22
a67c72,1789503132,1789507184,KMMU,KBUY,N517LH
a67c72,1789627867,1789630912,KOSU,KBUY,SKQ22
a67c72,1789697761,1789700778,KDPA,KOSU,SKQ22
a67c72,1790208094,1790214403,KBUY,KPWK,SKQ22
a67c72,1790216072,1790219086,KPWK,KOSU,SKQ22
a67c72,1790232171,1790235661,KOSU,KBUY,SKQ22
a67c72,1790635627,1790639302,KBNA,KBUY,N517LH
a67c72,1790734999,1790737679,KPWK,KOSU,SKQ22
a67c72,1790751043,1790754072,KOSU,KBUY,SKQ22
a68a81,1789648363,1789652807,KBTL,KTEB,N520SC
a68a81,1789921406,1789922374,KBTL,KAZO,
a68a81,1790344958,1790350060,KRDU,KAZO,N520SC
a68a81,1790676195,1790682175,KAZO,KEWB,N520SC
a6bc3c,1789344819,1789347835,KBUR,KSFO,N533GV
a6bc3c,1789397853,1789400855,KSFO,KBUR,N533GV
a6bc3c,1790186768,1790189998,KSTS,KBUR,N533GV
a6d20f,1789057251,1789058757,KONT,KSAN,N539CA
a6d20f,1789512377,1789514769,KTEB,KBED,N539CA
a6d20f,1789683759,1789684869,KSEE,KONT,N539CA
a6ead5,1789056030,1789059401,KGSP,KAGC,N545DL
a6ead5,1789222058,1789225261,KAGC,KTEB,N545DL
a6ead5,1789491156,1789492750,KAGC,KBKL,N545DL
a6ead5,1789736656,1789739297,KAGC,KPHL,N545DL
a6ead5,1789751447,1789754005,KPHL,KAGC,
a6ead5,1790160131,1790163149,KAGC,KTEB,N545DL
a6ead5,1790359549,1790363047,KRDU,KAGC,N545DL
a6ead5,1790604356,1790608282,KAGC,KHVN,N545DL
a6ead5,1790613368,1790617028,KHVN,KAGC,N545DL
a6ff76,1789400087,1789401221,KMDW,KUGN,N550AL
a6ff76,1789756900,1789758941,KEQY,KJZI,N550AL
a6ff76,1790599945,1790601398,KUGN,KATW,N550AL
a7086c,1790604851,1790607323,,SC24,N552SC
a7086c,1790712872,1790715958,KCHS,KRYY,N552SC
a7086c,1790726847,1790729621,KRYY,KCHS,N552SC
a7086c,1790863563,1790865884,,SC24,N552SC
a7086c,1790885272,1790887834,,KBNA,N552SC
a70e5b,1789008480,1789009534,KBOS,KORH,N554AV
a70e5b,1789144009,1789148961,KORH,KDTW,N554AV
a70e5b,1789462184,1789463327,EIKN,EINN,N554AV
a70e5b,1790359668,1790365287,KCAE,KUGN,N554AV
a71db6,1789080835,1789084657,KSJC,KLAS,LXJ558
a71db6,1789142827,1789143910,KAPC,63CN,LXJ558
a71db6,1789301120,1789305323,KHPN,KRDU,LXJ558
a71db6,1789309051,1789313316,KRDU,KFOK,LXJ558
a71db6,1789317275,1789318990,KFOK,MA44,LXJ558
a71db6,1789387488,1789390433,KIAD,KFOK,LXJ558
a71db6,1789475477,1789478240,KTEB,KBUF,LXJ558
a71db6,1789490206,1789493897,KBUF,KTEB,LXJ558
a71db6,1789585426,1789588241,,KOGD,LXJ558
a71db6,1789755521,1789760649,KVJI,KHPN,LXJ558
a71db6,1789858478,1789860974,KTPA,KPBI,LXJ558
a71db6,1790165562,1790178941,KBCT,CO86,LXJ558
a71db6,1790263634,1790265201,,,
a71db6,1790272324,1790277868,,KANE,LXJ558
a71db6,1790281393,1790286365,KANE,KXNA,LXJ558
a71db6,1790336777,1790343387,KXNA,,LXJ558
a71db6,1790353684,1790365781,,KHPN,LXJ558
a71db6,1790368633,1790373258,KHPN,KAVL,LXJ558
a71db6,1790444406,1790450702,KAVL,KJFK,LXJ558
a71db6,1790518755,1790525787,KJFK,KSUS,LXJ558
a71db6,1790528960,1790531098,KSUS,,LXJ558
a71db6,1790537806,1790540164,,KPDK,LXJ558
a71db6,1790596859,1790600026,KPDK,KSGJ,LXJ558
a71db6,1790605084,1790607266,KSGJ,,LXJ558
a71db6,1790611511,1790613299,,KFLL,LXJ558
a71db6,1790617282,1790622097,KFLL,SC24,LXJ558
a71db6,1790694004,1790695049,,KATL,LXJ558
a71db6,1790712211,1790716297,KTEB,,LXJ558
a71db6,1790806534,1790810320,KSDL,KVNY,LXJ558
a71db6,1790813210,1790815568,KVNY,KLAS,LXJ558
a74c12,1789387569,1789390269,KMKE,KCLE,N57AB
a74c12,1789425356,1789428836,KCLE,KMKE,N57AB
a74c12,1790082132,1790085029,KMKE,KCLE,N57AB
a74c12,1790088155,1790091542,KCLE,KMKE,N57AB
a74c12,1790158991,1790161266,KMKE,KIND,N57AB
a74c12,1790274969,1790277921,KMKE,KCLE,N57AB
a74c12,1790282460,1790285475,KCLE,KMKE,N57AB
a773c8,1789073940,1789075266,KSFO,KSJC,N58CG
a773c8,1789340203,1789343815,KPWK,K7N1,N58CG
a773c8,1789491099,1789493153,KDCA,NK47,N58CG
a773c8,1789562420,1789566483,4NY8,9NC6,N58CG
a773c8,1789583950,1789587857,KILM,PN21,N58CG
a773c8,1789591008,1789594207,6NY1,KMBS,N58CG
a773c8,1789643426,1789646013,KMBS,2NY7,N58CG
a773c8,1789927230,1789932958,KSRC,KCLT,N58CG
a773c8,1789936021,1789940163,KCLT,99PA,N58CG
a773c8,1790348731,1790351339,PA17,KIAD,N58CG
a773c8,1790548281,1790552549,KUGN,PA17,N58CG
a773c8,1790884825,1790890210,4NY8,KCHS,N58CG
a779ea,1789052914,1789054751,KILG,KTEB,N581D
a779ea,1789057262,1789058536,KTEB,KHVN,N581D
a779ea,1789080932,1789083330,KHVN,KILG,N581D
a779ea,1789152501,1789154989,KILG,11PN,N581D
a779ea,1789159441,1789162053,KFKL,KTTN,N581D
a779ea,1789992836,1789994248,KILG,KTTN,N581D
a779ea,1790074566,1790075835,KBWI,KILG,N581D
a779ea,1790197490,1790199945,KILG,KRIC,N581D
a779ea,1790201571,1790203700,KRIC,KILG,N581D
a779ea,1790280751,1790281943,KTTN,KILG,N581D
a78911,1789581604,1789583744,,9GA1,N585G
a78911,1790251708,1790256510,KIAD,KMDW,N585G
a78cc8,1789066683,1789070057,KTOL,KIAD,N586G
a78cc8,1789132012,1789133999,KIAD,KWBW,N586G
a78cc8,1789149810,1789152372,KAVP,KIAD,N586G
a78cc8,1789581604,1789583527,,9GA1,N586G
a78cc8,1789764554,1789767639,KIAD,CYXU,N586G
a78cc8,1789770953,1789774322,CYXU,KIAD,N586G
a78cc8,1789928258,1789931325,KIAD,CYXU,N586G
a78cc8,1790251384,1790256146,KNHZ,KIAD,N586G
a78cc8,1790533368,1790538339,KIAD,KCPS,N586G
a78cc8,1790712566,1790715787,KIAD,KHPN,N586G
a7907f,1790165386,1790169162,KIAD,KBED,N587G
a7907f,1790454443,1790457798,KIAD,KPTK,N587G
a7907f,1790766604,1790769590,KIAD,KWBW,N587G
a7907f,1790781890,1790783470,KAVP,KMTN,N587G
a7907f,1790800862,1790802022,KMTN,KIAD,N587G
a7b08d,1789135476,1789141720,KSBN,KBOS,LXJ595
a7b08d,1789334181,1789335149,KAPA,,LXJ595
a7b08d,1789353020,1789355423,KAUS,KDAL,LXJ595
a7b08d,1789409403,1789412095,KTEB,VA19,LXJ595
a7b08d,1789424495,1789425992,KPWK,KMDW,LXJ595
a7b08d,1789576602,1789577998,KOAK,,LXJ595
a7b08d,1789604883,1789608337,KBUF,KTEB,LXJ595
a7b08d,1789761706,1789767985,KORD,TS63,LXJ595
a7b08d,1789771034,1789773301,KTKI,KAUS,LXJ595
a7b08d,1789778215,1789780032,KAUS,KSGR,LXJ595
a7b08d,1789851856,1789853218,KBOS,KMVY,LXJ595
a7b08d,1789909126,1789912328,KMVY,KHPN,LXJ595
a7b08d,1789920049,1789922896,KHPN,KLEB,LXJ595
a7b08d,1790087698,1790090894,KSEA,,LXJ595
a7b08d,1790110620,1790113590,KCMH,,LXJ595
a7b08d,1790274453,1790277119,KMMU,KBED,LXJ595
a7b08d,1790356170,1790358459,KSJC,KMEV,LXJ595
a7c2d8,1789552813,1789554981,KTEB,KDCA,JAS66
a7c3d9,1789072911,1789076474,KIAD,KLUK,N6PG
a7c3d9,1789575967,1789579333,KDCA,KLUK,N6PG
a7c3d9,1789993932,1789998754,KLUK,K1R1,N6PG
a7c3d9,1790165223,1790168182,KLUK,CYHM,N6PG
a7c3d9,1790190414,1790193402,CYHM,KLUK,N6PG
a7c3d9,1790274019,1790278616,KLUK,,N6PG
a7c3d9,1790643019,1790645590,KLUK,KCVG,N6PG
a7c3d9,1790649223,1790649953,KCVG,KLUK,N6PG
a7c64d,1789402371,1789406609,KCLE,KBED,N60QJ
a7c64d,1789409117,1789412372,KBED,KTTN,N60QJ
a7c64d,1789499134,1789502207,KTTN,KBED,N60QJ
a7c64d,1789504750,1789507867,KBED,KTTN,N60QJ
a7c64d,1790085907,1790092357,EICK,LSZH,N60QJ
a7c64d,1790621075,1790624189,KTTN,KBED,N60QJ
a7c64d,1790805783,1790809170,KBED,KTTN,N60QJ
a7c64d,1790813087,1790818035,KTTN,GA35,N60QJ
a7d666,1789072465,1789073383,KBQK,3GE7,N604D
a7d666,1789210240,1789212955,KRIC,KTEB,N604D
a7d666,1789488374,1789491929,KRIC,KHVN,N604D
a7d666,1789642701,1789645431,KRIC,KCAE,N604D
a7d666,1789780963,1789782222,KIAD,KRIC,N604D
a7d666,1790008904,1790011956,KRIC,KPIT,N604D
a7d666,1790045974,1790048939,KFRG,KRIC,N604D
a7d666,1790194121,1790197659,KRIC,KTEB,N604D
a7d666,1790216712,1790219655,KTEB,KRIC,N604D
a7d666,1790339093,1790344602,KRIC,KPBI,N604D
a7d666,1790446110,1790451011,KSPI,KRIC,N604D
a7d666,1790628850,1790630285,KRIC,KDCA,N604D
a7d666,1790644795,1790646389,KDCA,KRIC,N604D
a7d666,1790808622,1790811870,KTEB,KRIC,N604D
a7d666,1790886321,1790888311,KMGW,KRIC,N604D
a7e18b,1788984203,1788990585,KPBI,KRIC,N607D
a7e18b,1789074170,1789077219,KRIC,KTEB,N607D
a7e18b,1789239499,1789242227,KTEB,KRIC,N607D
a7e18b,1789301117,1789304225,KRIC,KCHS,N607D
a7e18b,1789348231,1789349999,KGSO,KRIC,N607D
a7e18b,1789383625,1789386697,KRIC,KCAE,N607D
a7e18b,1789412452,1789414556,KCAE,KPDK,N607D
a7e18b,1789416030,1789419851,KPDK,KRIC,N607D
a7e18b,1789576020,1789579223,KRIC,03NY,N607D
a7e18b,1789583237,1789586574,KHVN,KRIC,N607D
a7e18b,1789596472,1789600162,KPDK,KRIC,N607D
a7e18b,1790089590,1790092637,KRIC,KPIT,N607D
a7e18b,1790095440,1790098457,KPIT,KRIC,N607D
a7e18b,1790275532,1790277148,KCAE,GA39,N607D
a7e18b,1790283134,1790286338,KTYS,KRIC,N607D
a7e18b,1790420631,1790421719,KRIC,KORF,N607D
a7e18b,1790816710,1790819845,KRIC,,N607D
a7ef51,1789142610,1789145030,,KSBA,LXJ610
a7ef51,1789150560,1789152937,KSBA,KSJC,LXJ610
a7ef51,1789318211,1789318940,KIAH,KHOU,LXJ610
a7ef51,1789582825,1789585975,KTEB,KPIT,LXJ610
a7ef51,1789590314,1789593592,KPIT,KHVN,LXJ610
a7ef51,1789597229,1789597904,KBDR,KHPN,LXJ610
a7ef51,1789654141,1789657696,CYYZ,KHPN,LXJ610
a7ef51,1789735936,1789739264,KBNA,18OI,LXJ610
a7ef51,1789913854,1789919632,KBNA,90NY,LXJ610
a7ef51,1789922552,1789927039,90NY,IN93,LXJ610
a7ef51,1790001013,1790005189,KSFO,KLAS,LXJ610
a7ef51,1790024246,1790025180,KDAL,KGLE,LXJ610
a7ef51,1790080627,1790082986,KGLE,KLBB,LXJ610
a7ef51,1790094690,1790097505,KLBB,KCRS,LXJ610
a7ef51,1790102106,1790103156,KCRS,KDFW,LXJ610
a7ef51,1790108809,1790112111,KDFW,12XA,LXJ610
a7ef51,1790114820,1790118127,KMAF,KDAL,LXJ610
a7ef51,1790121651,1790125889,KDAL,KBHM,LXJ610
a7ef51,1790339131,1790342434,KACK,KPHL,LXJ610
a7ef51,1790367452,1790369661,KTPA,KFLL,LXJ610
a7ef51,1790615762,1790617345,,KCOS,LXJ610
a7ef51,1790632871,1790635558,KSDF,KCLE,LXJ610
a7ef51,1790684366,1790686798,KCLE,KGYY,LXJ610
a7ef51,1790792434,1790793389,KSFO,KSJC,LXJ610
a7ef51,1790817277,1790819092,KHOU,KTYR,LXJ610
a7ef51,1790820450,1790822217,KTYR,KAFW,LXJ610
a7ef51,1790878406,1790884135,KTYS,KTEB,LXJ610
a8050e,1789254034,1789255677,KOXC,KBLM,N616AF
a8050e,1790535189,1790537253,KOXC,KEWR,N616AF
a8050e,1790807010,1790808410,KEWR,KOXC,N616AF
a80dbd,1789584935,1789588229,KPVU,KAPA,N618PB
a80dbd,1789763696,1789767180,KAPA,KPVU,N618PB
a82a63,1789229677,1789233689,EGPE,EGLF,N625SC
a82a63,1789236285,1789241203,EGLF,EDDB,N625SC
a82a63,1789918483,1789919176,KBTL,KAZO,N625SC
a82a63,1790547110,1790551718,KAZO,KMGJ,N625SC
a82a63,1790879970,1790882165,KTEB,KEWB,N625SC
a835af,1788995085,1788997920,KCMA,KSFO,N628TS
a835af,1789084924,1789088126,KSFO,KHHR,N628TS
a835af,1789939826,1789942324,KLAX,KSJC,N628TS
a835af,1789948839,1789959868,KSJC,KMEM,N628TS
a835af,1789961514,1789972834,KMEM,KLAX,N628TS
a835af,1790004804,1790012669,KLAX,19TX,N628TS
a835af,1790103704,1790114656,KTPL,KTEB,N628TS
a835af,1790292248,1790314151,KTEB,EHAM,N628TS
a835af,1790665264,1790668437,EHAM,EDDB,N628TS
a83d76,1789065393,1789069356,KPHL,CYYZ,N63XF
a83d76,1790417766,1790419466,KPHL,KTEB,N63XF
a83d76,1790607725,1790609895,EGLF,EGWU,N63XF
a83d76,1790611890,1790614919,EGWU,EGPH,N63XF
a83d76,1790619040,1790620163,EGPH,EGPK,N63XF
a88354,1789473924,1789478767,KRDG,KLUK,LBQ1098
a88d52,1789390520,1789391655,KEWR,KSWF,N650GB
a88d52,1789913230,1789914584,NY09,KEWR,N650GB
a88d52,1790014929,1790019670,KLAS,KSFO,N650GB
a88e98,1789276629,1789277715,,LICZ,N650VC
a88e98,1789320380,1789321797,KIAD,KMTN,N650VC
a88e98,1789577149,1789577998,KMTN,4MD7,N650VC
a88e98,1789776536,1789783036,KAPA,KSNA,N650VC
a88e98,1789866810,1789867929,KIAD,KMTN,N650VC
a88e98,1790312191,1790314912,KHVN,KMTN,N650VC
a88e98,1790340152,1790341379,KMTN,KIAD,N650VC
a88e98,1790885076,1790889033,KBGR,KMTN,N650VC
a8926a,1789027444,1789030089,,,N651WE
a8926a,1789411888,1789413086,KSBA,KVNY,N651WE
a8926a,1789858175,1789861651,CYYZ,KTEB,N651WE
a8926a,1789923654,1789940910,KTEB,KVNY,N651WE
a8926a,1790012643,1790013440,KVNY,,N651WE
a8926a,1790265917,1790283957,KSBA,MA72,N651WE
a8926a,1790286006,1790286968,KACK,KPVD,N651WE
a8926a,1790291081,1790292068,KPVD,MA72,N651WE
a8926a,1790511686,1790534242,KACK,LFMN,N651WE
a89621,1789109493,1789111037,EGLF,EGGW,N652WE
a89621,1789310887,1789311809,KPVD,KMVY,N652WE
a89621,1790093246,1790096398,KVNY,KSFO,N652WE
a89621,1790100783,1790102113,KSFO,KSJC,N652WE
a89621,1790185723,1790188499,KSJC,KVNY,N652WE
a89621,1790557452,1790589173,KGJT,EDDM,N652WE
a89621,1790619941,1790623336,EDDM,LIRA,N652WE
a8b4cc,1789046357,1789047729,KTTN,KTEB,LXJ660
a8b4cc,1789560567,1789566696,EGLF,LIEO,LXJ660
a8b4cc,1789741899,1789746503,KBHM,KF69,LXJ660
a8b4cc,1789772375,1789775463,KDAL,K09M,LXJ660
a8b4cc,1789778135,1789780453,,KPNS,LXJ660
a8b4cc,1789949035,1789949738,KMIA,KOPF,LXJ660
a8b4cc,1790161385,1790163067,LIPE,LIML,LXJ660
a8b4cc,1790554123,1790556235,KCXO,KSAT,LXJ660
a8b4cc,1790562823,1790565719,KSAT,KADS,LXJ660
a8b4cc,1790648610,1790651420,KTEB,KIAD,LXJ660
a8b4cc,1790870435,1790874359,KSFO,KLAS,LXJ660
a8b4cc,1790888540,1790889989,KAPC,KTRK,LXJ660
a8b4cc,1790892611,1790896174,,KLGB,LXJ660
a8c3a8,1789348560,1789349875,KTUS,KPHX,LXJ664
a8c3a8,1789418283,1789421418,KIAD,KTEB,LXJ664
a8c3a8,1790165174,1790168143,KBED,KTEB,LXJ664
a8c3a8,1790175752,1790187813,KTEB,,LXJ664
a8c3a8,1790194214,1790197064,,KAPA,LXJ664
a8c3a8,1790277683,1790288159,KDAL,KLGA,LXJ664
a8c3a8,1790292950,1790303240,KLGA,KHOU,LXJ664
a8c3a8,1790308190,1790310644,KHOU,KDAL,LXJ664
a8f21c,1789156862,1789161370,KTEB,KCLT,N676BA
a8f21c,1789582319,1789587186,KCLT,KTEB,N676BA
a8f21c,1789648233,1789650595,KTEB,KIAD,N676BA
a8f21c,1789677402,1789680417,KIAD,KTEB,N676BA
a8f21c,1789684206,1789688833,KTEB,KCLT,N676BA
a8f21c,1790216343,1790220729,KTEB,KCLT,N676BA
a8f21c,1790719309,1790723781,KCLT,KTEB,N676BA
a900e0,1789416639,1789422006,KMKE,KDCA,N68AB
a900e0,1790186902,1790192109,KIAD,KMKE,N68AB
a91338,1789259676,1789264582,KBOI,KSJC,N684MT
a91338,1789651934,1789653310,,WMSA,N684MT
a91338,1789707367,1789708758,WMSA,,N684MT
a91338,1790219569,1790224263,KBOI,KSJC,N684MT
a91338,1790225544,1790240727,KSJC,KIAD,N684MT
a91338,1790335633,1790352203,KIAD,KSJC,N684MT
a91338,1790353403,1790357310,KSJC,KBOI,N684MT
a91338,1790647940,1790652026,KBOI,KSJC,N684MT
a91338,1790712226,1790716305,KIAD,,N684MT
a91382,1788985007,1788990332,,KVNY,EJA684
a91382,1789094743,1789096819,KHOU,KSAT,EJA684
a91382,1789158585,1789161418,KHFY,MI60,EJA684
a91382,1789273020,1789276179,KLAX,KRNO,EJA684
a91382,1789360530,1789364232,KLAS,KSJC,EJA684
a91382,1789394722,1789398711,KSJC,KSAN,EJA684
a91382,1789470616,1789473444,KMDW,KCMH,EJA684
a91382,1789499962,1789501001,,KOPF,EJA684
a91382,1789504579,1789505358,KOPF,KFXE,EJA684
a91382,1789574654,1789577980,KTPA,KMCO,EJA684
a91382,1789680542,1789682047,KSFM,KACK,EJA684
a91382,1789699452,1789700098,KHPN,KTEB,EJA684
a91382,1789751050,1789753679,KOQU,KLGA,
a91382,1789820163,1789824767,KHEF,KFTY,EJA684
a91382,1789849598,1789850834,,KPBI,N684QS
a91382,1790000569,1790004112,KXNA,KCMI,EJA684
a91382,1790085845,1790090515,KPHL,KCLT,EJA684
a91382,1790110531,1790113780,KJYO,KCMH,EJA684
a91382,1790177834,1790178859,KDAY,KCMH,EJA684
a91382,1790342260,1790344109,KTEB,KMIV,EJA684
a91382,1790346905,1790348682,KMIV,KMMU,EJA684
a91382,1790371003,1790372820,KSUA,KTPA,EJA684
a91382,1790520880,1790524452,KTEB,KNHZ,EJA684
a91382,1790534587,1790536450,KNHZ,KBTV,EJA684
a91382,1790539601,1790543311,KBTV,KTTN,EJA684
a91382,1790597772,1790601806,KTTN,KRDU,EJA684
a91382,1790605222,1790609482,KRDU,KTEB,EJA684
a9247d,1790360626,1790361419,KMRY,KNUQ,TWY57
a9247d,1790365457,1790369036,KNUQ,KLAS,TWY57
a9516e,1789398031,1789399496,KSAT,KGTU,N7SB
a9516e,1789402093,1789407283,KGTU,NE11,N7SB
a9516e,1789662451,1789667988,KDNS,KGTU,N7SB
a9516e,1789669449,1789671153,KGTU,KFTW,N7SB
a9516e,1789842376,1789846664,KFTW,KOMA,N7SB
a9516e,1789934809,1789936970,KFSD,KOMA,N7SB
a9516e,1790252824,1790253778,KFTW,KHQZ,N7SB
a9516e,1790525210,1790531156,KSEZ,KHQZ,N7SB
a9516e,1790532780,1790533616,KHQZ,KFTW,N7SB
a96c1d,1789057869,1789060027,KDTO,KBAZ,N706P
a96c1d,1789132383,1789134941,KBAZ,4TX8,N706P
a96c1d,1790694004,1790694953,,4TX8,N706P
a97659,1789928136,1789943277,KBFI,KTEB,N709DS
a97659,1790220213,1790227325,KBFI,KLAX,N709DS
a97659,1790296079,1790302958,KLAX,KBFI,N709DS
a97659,1790540735,1790545348,,KBFI,N709DS
a97659,1790612690,1790618155,KBFI,KNUQ,N709DS
a97659,1790619683,1790625565,KNUQ,KBFI,N709DS
a97659,1790630011,1790636783,KBFI,KLAX,N709DS
a97659,1790649830,1790652809,KLAX,KNUQ,N709DS
a97659,1790654491,1790660413,KNUQ,KBFI,N709DS
a97a31,1789053796,1789054402,KPVG,KPHF,N71F
a97a31,1789057216,1789060507,KPHF,KHTW,N71F
a97a31,1789675240,1789679424,KATW,KDWU,N71F
a97a31,1789988662,1789991624,KPVG,12WV,N71F
a97a31,1790528640,1790531626,KPHF,12WV,N71F
a97a31,1790532750,1790536012,,KPVG,N71F
a98133,1789143513,1789146168,KBNA,KAND,EJA711
a98133,1789246960,1789248763,KYIP,KCMH,EJA711
a98133,1789310497,1789313308,KDAY,TN98,EJA711
a98133,1789400161,1789401428,KSNA,KBUR,EJA711
a98133,1789421470,1789422418,KSFO,KSJC,EJA711
a98133,1789662378,1789665410,KSJC,KVNY,EJA711
a98133,1789672607,1789675169,KVNY,,EJA711
a98133,1789743584,1789744993,,,EJA711
a98133,1789836407,1789840216,,KSDL,N711QS
a98133,1789843940,1789844827,KSDL,AZ86,EJA711
a98133,1789849596,1789853141,KPRC,KSLC,EJA711
a98133,1789942202,1789945556,KVNY,KSDL,EJA711
a98133,1790198459,1790199920,KHPN,KTEB,EJA711
a98133,1790612386,1790618393,KMKC,,EJA711
a98133,1790813475,1790814387,KSFO,KSJC,EJA711
a98133,1790863267,1790865980,KIAD,KCGF,EJA711
a98133,1790882049,1790884517,KROA,KIAD,EJA711
a9d630,1789064934,1789070142,KHEF,KMDW,N733A
a9d630,1790002750,1790005740,KHEF,1KT9,N733A
a9d630,1790036803,1790039847,KLOZ,KDTW,N733A
a9d630,1790182076,1790186156,KDTW,KHEF,N733A
a9d6df,1788993399,1788997272,KIAD,KSDF,N733H
a9d6df,1789433971,1789436998,KHEF,KTEB,N733H
a9d6df,1790074773,1790078270,KSDF,KGRB,N733H
a9d6df,1790080007,1790084665,KGRB,KSDF,N733H
a9d6df,1790122672,1790128633,KSDF,KTPA,N733H
a9d6df,1790187111,1790192557,KSDF,KTPA,N733H
a9d6df,1790266679,1790269138,KTPA,KOPF,N733H
a9d6df,1790280315,1790285727,KTPA,KJWN,N733H
a9d6df,1790287553,1790289424,KJWN,KSDF,N733H
a9d6df,1790799201,1790803322,KHEF,KSDF,N733H
a9d6df,1790884904,1790890866,KSDF,KTEB,N733H
a9d6df,1790892800,1790898267,KTEB,KSDF,N733H
a9f224,1789088070,1789091064,KRIC,KMMU,N74VZ
a9f224,1789737290,1789739893,KBUF,KMMU,N74VZ
a9f224,1790867886,1790869993,KBAF,KMMU,N74VZ
aa1ae3,1790441123,1790444091,KCLT,AL40,N750JT
aa1ae3,1790477801,1790480659,,KCLT,N750JT
aa4122,1789578038,1789580052,KMMU,KBAF,N76VZ
aa4122,1790353799,1790359040,KMMU,KPDK,N76VZ
aa4122,1790361844,1790365524,KPDK,KTPA,N76VZ
aa4122,1790367036,1790369441,KTPA,KTMB,N76VZ
aa9045,1789007253,1789010572,KIXD,SN59,N78XL
aa9045,1790118242,1790118908,KMCI,KIXD,N78XL
aa9156,1789065990,1789067471,KLXT,KHFJ,N780JH
aa9156,1789070550,1789073134,KHFJ,TS63,N780JH
aa9156,1789164434,1789169067,KPNS,MU41,N780JH
aa9156,1789398104,1789401357,KHFJ,KIIB,N780JH
aa9156,1789404303,1789407113,KIIB,KLXT,N780JH
aa9156,1789410337,1789414078,KLXT,TS63,N780JH
aa9156,1789476477,1789478877,KTKI,KHFJ,N780JH
aa9156,1789513489,1789516227,KHFJ,TS63,N780JH
aa9156,1789521392,1789523987,KTKI,KTUL,N780JH
aa9156,1789599120,1789601513,KTUL,KLXT,N780JH
aa9156,1789745452,1789746762,KLXT,K2MO,
aa9156,1790006704,1790010617,KHFJ,5IN5,N780JH
aa9156,1790019261,1790020764,KHFJ,KLXT,N780JH
aa9156,1790126225,1790127441,KLXT,5MO3,N780JH
aa9156,1790130000,1790134047,KHFJ,5IN5,N780JH
aa9156,1790196817,1790199376,KHFJ,KTKI,N780JH
aa9156,1790204252,1790206759,KTKI,KHFJ,N780JH
aa9156,1790721746,1790723132,KLXT,56MO,N780JH
aa9212,1789042561,1789045129,KHPN,KIAD,N780RW
aa9212,1789577925,1789581577,KIAD,KOXC,N780RW
aa9212,1789584121,1789585070,KOXC,KHPN,N780RW
aa9212,1790626866,1790629794,KHPN,KIAD,N780RW
aa9212,1790763717,1790765710,KBED,KHPN,N780RW
aa9244,1789750983,1789752822,KATW,KATW,
aa9244,1790074365,1790077314,KHPN,KIAD,N780TW
aa9244,1790341627,1790344342,KHPN,KIAD,N780TW
aa9244,1790621558,1790622852,KHPN,KTEB,N780TW
aa9244,1790648499,1790650788,KDCA,KTEB,N780TW
aa9244,1790651942,1790652953,KTEB,KHPN,N780TW
aaae77,1789312629,1789314147,KMMU,PA33,N788CG
aaae77,1789383696,1789385838,NK47,KMMU,N788CG
aaae77,1789388263,1789390077,KMMU,NK47,N788CG
aaae77,1789401632,1789405946,NK53,KILM,N788CG
aaae77,1789409112,1789410757,KILM,KRDU,N788CG
aaae77,1789470311,1789471979,4NY8,KMMU,N788CG
aaae77,1789477656,1789479089,KMMU,NK54,N788CG
aaae77,1789481496,1789485929,6NY1,KLEX,N788CG
aaae77,1789506283,1789508692,KMMU,KIAD,N788CG
aaae77,1789512369,1789514219,KIAD,PN21,N788CG
aaae77,1789582109,1789586508,PA17,KCLT,N788CG
aaae77,1789604858,1789606579,KIAD,61PA,N788CG
aaae77,1789642836,1789644458,4NY8,KMMU,N788CG
aaae77,1789679793,1789681403,KMMU,PN54,N788CG
aaae77,1789729544,1789731087,NK47,KMMU,N788CG
aaae77,1789732845,1789734359,KMMU,11NY,N788CG
aaae77,1790109948,1790113649,KCLT,61PA,N788CG
aaae77,1790172049,1790175959,KCLT,99PA,N788CG
aaae77,1790190484,1790193429,NK53,KJFK,N788CG
aaae77,1790198010,1790199876,KJFK,NK47,N788CG
aaae77,1790272864,1790274637,KILM,KRDU,
aaae77,1790283395,1790286055,NK53,KBED,N788CG
aaae77,1790287507,1790289754,KBED,NK05,N788CG
aaae77,1790716722,1790718309,NK53,KMMU,N788CG
aaae77,1790721000,1790722403,KMMU,11NY,N788CG
aaae77,1790795073,1790798001,NK47,KBED,N788CG
aaae77,1790802342,1790804488,KBED,KBGM,N788CG
aaae77,1790870994,1790875244,4NY8,33NC,N788CG
aaae77,1790878076,1790879693,KILM,KRDU,N788CG
aaae77,1790896641,1790898553,KFOK,KBED,N788CG
aac36a,1789647237,1789650569,KIAH,KBVO,N793CP
aacad8,1789655637,1789659119,KART,KIAD,N795CP
aad246,1790162198,1790164585,KTEB,KBOS,N797CP
aad24a,1789045385,1789048042,KCXO,KAFW,N797CT
aad24a,1790103725,1790106108,KHOU,0TS2,N797CT
aadd5f,1789038616,1789039912,KCMH,KLUK,N8CB
aadd5f,1789344561,1789346403,KCMH,KDET,N8CB
aadd5f,1789654515,1789658368,KCMH,KHXD,N8CB
aadd5f,1789675546,1789677713,KGSO,KHXD,N8CB
aadd5f,1790217914,1790220088,KDTW,KCMH,N8CB
aadd5f,1790247031,1790250940,KCMH,,N8CB
aadd5f,1790521274,1790523267,KCMH,KBKL,N8CB
aadd5f,1790542974,1790544448,KBKL,KCMH,N8CB
aadd5f,1790634536,1790637556,KBNA,KCMH,N8CB
aadd5f,1790885902,1790887405,KCMH,KBKL,N8CB
aae2a5,1789395357,1789399761,KTTN,KCLT,N800J
aae2a5,1789403899,1789405554,KCLT,KRDU,N800J
aae2a5,1789409209,1789412528,KRDU,KTTN,N800J
aae2a5,1789678169,1789681535,KTTN,KRDU,N800J
aaf0f0,1789036596,1789041576,IN50,KCHS,N804CE
aaf0f0,1789122404,1789125344,II97,KMSN,N804CE
aaf0f0,1789128420,1789131080,KMSN,63II,N804CE
aaf0f0,1789157375,1789160189,IN50,KMSN,N804CE
aaf0f0,1789381785,1789384637,KBAK,KERI,N804CE
aaf0f0,1789387764,1789390736,KERI,IN50,N804CE
aaf0f0,1789419758,1789422705,KERI,70II,N804CE
aaf0f0,1789468753,1789472847,KBAK,KRWI,N804CE
aaf0f0,1789555069,1789557760,IN50,KPTK,N804CE
aaf0f0,1789641297,1789644308,KBAK,KERI,N804CE
aaf0f0,1789679100,1789681993,KERI,IN49,N804CE
aaf0f0,1790159497,1790163945,KBAK,KCHS,N804CE
aaf0f0,1790245874,1790249137,KBAK,55NY,N804CE
aaf0f0,1790331775,1790335913,IN50,KRWI,N804CE
aaf0f0,1790368883,1790373116,KRWI,KBAK,N804CE
ab2404,1789404796,1789406638,KSUA,KSRQ,N817GS
ab2404,1789410712,1789412397,KSRQ,KPBI,N817GS
ab2404,1789483645,1789485352,KSRQ,KPBI,N817GS
ab2404,1790113041,1790113713,KSUA,KPBI,N817GS
ab2404,1790189235,1790191169,KPBI,KMCO,N817GS
ab2404,1790201615,1790203400,KMCO,KPBI,N817GS
ab2404,1790205132,1790206045,KPBI,KSUA,N817GS
ab374c,1789021872,1789022972,KSFO,KSJC,N82123
ab374c,1790179424,1790185651,KSJC,KBFI,N82123
ab374c,1790280799,1790287043,KBFI,KSJC,N82123
ab374c,1790676749,1790679708,EGSS,EGPN,N82123
ab374c,1790683740,1790685147,EGPN,EGPF,N82123
ab4b73,1788993532,1788996599,KHPN,KAGC,N827GA
ab4b73,1789476510,1789480011,KHEF,KISP,N827GA
ab4b73,1789482025,1789486098,KISP,KAGC,N827GA
ab5c9e,1789157817,1789160700,KTEB,KBHB,JAS302
ab5d36,1789044209,1789047854,KBOI,KMHR,N831MT
ab5d36,1789049476,1789051190,KMHR,KSJC,N831MT
ab5d36,1789101755,1789105883,KSJC,KBOI,N831MT
ab5d36,1789161169,1789162293,KMRY,KSJC,N831MT
ab5d36,1789165732,1789169737,KSJC,KBOI,N831MT
ab5d36,1789171974,1789174618,KBOI,KCOE,N831MT
ab5d36,1789259588,1789262265,KCOE,KBOI,N831MT
ab5d36,1789329724,1789333724,KSJC,KBOI,N831MT
ab5d36,1789397207,1789401313,KSJC,KBOI,N831MT
ab5d36,1789483813,1789487883,KSJC,KBOI,N831MT
ab5d36,1789671827,1789674638,KIAD,KIAG,N831MT
ab5d36,1790081269,1790086206,KBOI,KSJC,N831MT
ab5d36,1790089050,1790093385,KSJC,KBOI,N831MT
ab5d36,1790103338,1790107919,KBOI,KSJC,N831MT
ab5d36,1790109319,1790113590,KSJC,KBOI,N831MT
ab5d36,1790167631,1790172697,KBOI,KSJC,N831MT
ab5d36,1790175993,1790180331,KSJC,KBOI,N831MT
ab5d36,1790212085,1790216230,KSJC,KBOI,N831MT
ab5d36,1790256420,1790261090,KBOI,KSFO,N831MT
ab5d36,1790263190,1790264200,KSFO,KSJC,
ab5d36,1790282124,1790286402,KSJC,KBOI,N831MT
ab5d36,1790294267,1790299439,KBOI,KSJC,N831MT
ab5d36,1790306283,1790310444,KSJC,KBOI,N831MT
ab5d36,1790367935,1790372789,KBOI,KSJC,N831MT
ab5d36,1790374560,1790378622,KSJC,KBOI,N831MT
ab5d36,1790609155,1790613699,KBOI,KSJC,N831MT
ab5d36,1790616236,1790620647,KSJC,KBOI,N831MT
ab5d36,1790635743,1790640242,KBOI,KSJC,N831MT
ab5d36,1790712282,1790716305,KBOI,,N831MT
ab5d36,1790778120,1790783709,,KBOI,N831MT
ab5d36,1790792865,1790797635,KBOI,KSJC,N831MT
ab5d36,1790812828,1790816996,KSJC,KBOI,N831MT
ab5d36,1790865834,1790870029,KSJC,KBOI,N831MT
ab5d36,1790892290,1790897409,KBOI,KSJC,N831MT
abaf1c,1789503707,1789507069,KAGC,KTEB,N852DL
abaf1c,1789641287,1789644298,KAGC,KTEB,N852DL
abaf1c,1790160949,1790163566,KAGC,KTTN,N852DL
abaf1c,1790197872,1790200671,KTTN,KAGC,N852DL
abaf1c,1790779223,1790781371,KAGC,KIAD,N852DL
abaf1c,1790863511,1790865259,KIAD,KAGC,N852DL
abba3d,1789042818,1789045377,KBNA,KSTL,N855DG
abba3d,1789057703,1789062779,KSTL,KHUM,N855DG
abba3d,1789074237,1789076623,KHUM,FD35,N855DG
abba3d,1789143762,1789145230,KECP,,N855DG
abba3d,1789159420,1789161798,,KBNA,N855DG
abba3d,1789676206,1789680619,KBKL,KBNA,N855DG
abba3d,1789735004,1789738131,KBNA,KCAE,N855DG
abba3d,1789764425,1789767031,KCAE,TN14,N855DG
abba3d,1790079402,1790082742,KBNA,8NC5,N855DG
abba3d,1790339087,1790344369,KBNA,KMTN,N855DG
abba3d,1790367390,1790372408,KMTN,KBNA,N855DG
abc1f0,1789224536,1789227233,KSAV,9GA1,N857GA
abc1f0,1789231389,1789235694,KSAV,KAGC,N857GA
abc1f0,1789592692,1789595482,KTEB,KAGC,N857GA
abc1f0,1789664119,1789666956,KHEF,KAGC,N857GA
abc1f0,1790187917,1790192707,KBYH,KAGC,N857GA
abc1f0,1790288182,1790292683,KJQF,KPIE,N857GA
ac145b,1789798632,1789801589,KSFO,KLAX,TWY800
ac145b,1789858273,1789859592,KSAN,KLAX,TWY800
ac145b,1790447107,1790461478,KLAX,KPBI,TWY800
ac145b,1790464317,1790472395,KPBI,KTEB,TWY800
ac145b,1790701769,1790716305,KTEB,,TWY800
ac145b,1790886057,1790889312,KLAX,KSFO,TWY800
ac1d80,1789135851,1789139955,KLAS,,N88WR
ac1d80,1789166389,1789169634,KTUS,KLAS,N88WR
ac1d80,1790470655,1790474218,KAPC,KLAS,N88WR
ac1d80,1790814347,1790816684,KLAS,KLAX,N88WR
ac1f7e,1789670940,1789673686,KCAK,14MI,N880T
ac1f7e,1789735167,1789736560,KGRR,KYIP,N880T
ac1f7e,1790711122,1790711976,KSEA,KBFI,N880T
ac2749,1790222864,1790240112,,KIAD,N882WT
ac2749,1790278610,1790283475,KIAD,KBQK,N882WT
ac2749,1790286312,1790290666,3GE7,KIAD,N882WT
ac2749,1790306878,1790322350,KIAD,KCRQ,N882WT
ac2d52,1789042139,1789045919,KSGR,,N884GL
ac2d52,1789755780,1789759364,KMAF,KSGR,N884GL
ac2d52,1790079998,1790081574,KSGR,KAUS,N884GL
ac2d52,1790111435,1790113055,KAUS,KSGR,N884GL
ac2d52,1790684248,1790686798,KSGR,,N884GL
ac2d52,1790715626,1790716734,,KMDD,N884GL
ac3173,1789259540,1789261222,KEWR,KISP,K1079
ac3173,1789556845,1789558525,KISP,KEWR,N885LS
ac3173,1789607197,1789609760,KBUR,KLAS,N885LS
ac35ab,1789683768,1789686621,KRIC,KGSP,N886RW
ac35ab,1789762727,1789764447,KRIC,7NC7,N886RW
ac35ab,1790771029,1790772839,KRIC,6VA4,N886RW
ac3ff3,1789058598,1789061507,KPHX,KFLG,N889H
ac3ff3,1789065042,1789066727,KFLG,KPHX,HNW900
ac404f,1790376745,1790379124,KLAS,KLAX,N889LS
ac404f,1790604678,1790607384,KLAS,KLAX,N889LS
ac404f,1790611770,1790612706,KLAX,KVNY,N889LS
ac5500,1789088827,1789091577,KTKI,KHFJ,N894JH
ac5500,1789129586,1789132400,KTKI,MU41,N894JH
ac5500,1789993714,1789996236,KTKI,MU41,N894JH
ac5500,1790030117,1790031618,KHFJ,KLXT,N894JH
ac5500,1790038147,1790040779,KTKI,MU41,N894JH
ac5500,1790769813,1790773724,KHFJ,KEKY,N894JH
ac5500,1790806234,1790810254,KEKY,8MO8,N894JH
ac5500,1790880224,1790883266,KDSM,56MO,N894JH
ac559f,1788990122,1788990859,KCLT,KJQF,EJA894
ac559f,1789043507,1789048284,KJQF,KTEB,EJA894
ac559f,1789052521,1789054286,KTEB,KFRG,EJA894
ac559f,1789079028,1789082267,KJWN,,EJA894
ac559f,1789129174,1789130783,,KRDU,EJA894
ac559f,1789155108,1789156308,KDSM,90IA,EJA894
ac559f,1789243564,1789245640,,KSLC,EJA894
ac559f,1789305825,1789306888,KSLC,,EJA894
ac559f,1789337780,1789340312,KHPN,KPWM,EJA894
ac559f,1789381499,1789385033,ME26,KTEB,EJA894
ac559f,1789389630,1789393246,KTEB,CYYZ,EJA894
ac559f,1789397612,1789401238,CYYZ,KTEB,EJA894
ac559f,1789743710,1789747102,KSJC,KSNA,EJA894
ac559f,1789749558,1789752830,KSNA,KTUS,EJA894
ac559f,1789756105,1789757888,KTUS,KSDL,EJA894
ac559f,1789875241,1789881760,KCPS,KTEB,EJA894
ac559f,1789902373,1789904815,KTEB,KPSM,EJA894
ac559f,1789910193,1789930439,KPSM,KBFI,EJA894
ac559f,1789946893,1789948106,KBFI,KSEA,EJA894
ac559f,1789956499,1789972103,KSEA,KIAD,EJA894
ac559f,1789999778,1790001729,KIAD,KROA,EJA894
ac559f,1790005667,1790011538,KROA,KPBI,EJA894
ac559f,1790078943,1790087605,KPBI,KHPN,EJA894
ac559f,1790101760,1790108330,KHPN,KMDW,EJA894
ac559f,1790111268,1790114375,KMDW,KDSM,EJA894
ac559f,1790166074,1790172195,KDSM,,EJA894
ac559f,1790180995,1790193510,,FL86,EJA894
ac559f,1790258098,1790264118,,TN97,EJA894
ac559f,1790268381,1790274998,KBNA,KMMU,EJA894
ac559f,1790278666,1790280148,KMMU,KBDL,EJA894
ac559f,1790281552,1790283089,KBDL,KBVY,EJA894
ac559f,1790288131,1790290136,KBVY,49NY,EJA894
ac559f,1790342318,1790344120,KHTO,KTEB,EJA894
ac559f,1790537377,1790549318,KTEB,,EJA894
ac559f,1790606676,1790608949,,KPUB,EJA894
ac559f,1790613558,1790617750,KPUB,KSLC,EJA894
ac559f,1790621406,1790628148,KSLC,KFTW,EJA894
ac559f,1790632514,1790635374,KFTW,KVBT,EJA894
ac559f,1790707213,1790713504,KBIL,,EJA894
ac58b7,1789506707,1789509443,KHFJ,TS63,N895JH
ac58b7,1789685312,1789688339,KTKI,KHFJ,N895JH
ac58b7,1789733800,1789738873,KHFJ,KGRR,N895JH
ac58b7,1790086587,1790088266,KHFJ,KH88,N895JH
ac58b7,1790172435,1790175509,KEKY,0MU8,N895JH
ac58b7,1790176955,1790178859,KK02,K2H2,N895JH
ac58b7,1790280350,1790285049,KHFJ,KGVL,N895JH
ac6724,1789161500,1789163336,KTEB,7NK1,LBQ500
ac6724,1789164886,1789166741,KSYR,KRDG,LBQ500
ac6724,1789326025,1789327848,KRDG,4NK4,LBQ500
ac6724,1789332679,1789336525,NY67,KTEB,LBQ500
ac6724,1789337898,1789339179,KTEB,KRDG,LBQ500
ac6724,1790856277,1790857828,KRDG,KTEB,LBQ500
acf17d,1789612331,1789614297,,PHKO,HNW550
ad0df6,1790875820,1790877499,2GE3,K0A9,N940JF
ad0df6,1790879196,1790880828,K0A9,KCLT,N940JF
ad5022,1790180300,1790185449,KIAD,KBHM,N957RC
ad5022,1790361487,1790363906,KBHM,KBNA,N957RC
ad5022,1790369461,1790373141,KGSO,AL40,N957RC
ad7f99,1788985607,1788989595,KLAS,KAPC,N969WR
ad7f99,1789684266,1789687051,KLAS,KCMA,N969WR
ad7f99,1789690717,1789693165,KCMA,KLAS,N969WR
ad7f99,1789763375,1789766080,KLAS,KCMA,N969WR
ad7f99,1789784936,1789786761,KCMA,KCRQ,N969WR
ad7f99,1789787430,1789790308,KCRQ,KLAS,N969WR
ad7f99,1790110302,1790112689,KLAS,KCRQ,N969WR
ad7f99,1790116967,1790119726,KCRQ,KLAS,N969WR
ad7f99,1790362683,1790365409,KLAS,KCMA,N969WR
ad7f99,1790572517,1790575124,KCMA,KLAS,N969WR
ad82e5,1789059559,1789062972,KJZI,40FL,N97SJ
ad82e5,1789468995,1789472457,KCAK,KTEB,N97SJ
ad82e5,1789503723,1789506976,KTEB,KCAK,N97SJ
ad82e5,1789589466,1789591477,KCAK,KLUK,N97SJ
ad82e5,1789757034,1789760483,KTEB,KCAK,N97SJ
ad82e5,1790605372,1790606622,KCAK,KCMH,N97SJ
ad82e5,1790619213,1790620402,KCMH,KCAK,N97SJ
adabf2,1790187017,1790191116,KHKA,KCLT,N980JF
adabf2,1790698064,1790702352,KBYH,KCLT,N980JF
adc192,1790803774,1790805550,KMKC,KROG,N986BL
adc192,1790856803,1790862419,KROG,KMAF,N986BL
adfeb9,1789496626,1789500471,KIAG,KADW,VENUS35
adfeba,1789562416,1789567171,KADW,KSAV,VENUS41
adfeba,1789568241,1789570675,KSAV,KCHS,VENUS41
adfeba,1789582463,1789586638,KCHS,KADW,VENUS41
af83f3,1789215262,1789217970,EIDW,EINN,AF1
c2c1f1,1789331911,1789334522,CYYZ,CYOW,CFC3757
c2c1fb,1790858786,1790861141,CYYC,,CFC3727
e400d9,1789144415,1789149174,,,FAB01
e400d9,1789505583,1789508489,,SBGL,FAB2101
e400d9,1789694887,1789696618,,SBRJ,FAB01
e400d9,1790729582,1790731124,,,FAB01
e400d9,1790794440,1790795488,,,FAB01
