ts,icao24,status,lat,lon,alt_ft,gs_kt,track_deg,callsign
1790756538,a0046f,unseen,,,,,,
1790756538,a21084,unseen,,,,,,
1790756538,a2ae0a,unseen,,,,,,
1790756538,a2d6c8,unseen,,,,,,
1790756538,a2da7f,unseen,,,,,,
1790756538,a326ca,unseen,,,,,,
1790756538,a47b5a,unseen,,,,,,
1790756538,a5706f,unseen,,,,,,
1790756538,a597ee,unseen,,,,,,
1790756538,a5bf2c,unseen,,,,,,
1790756538,a5f06e,unseen,,,,,,
1790756538,a5f7dc,unseen,,,,,,
1790756538,a71db6,unseen,,,,,,
1790756538,a835af,unseen,,,,,,
1790756538,a8926a,unseen,,,,,,
1790756538,a89621,unseen,,,,,,
1790756538,a8c3a8,unseen,,,,,,
1790756538,a901cd,unseen,,,,,,
1790756538,a91338,unseen,,,,,,
1790756538,a9247d,unseen,,,,,,
1790756538,a97659,unseen,,,,,,
1790756538,aa87e4,unseen,,,,,,
1790756538,ab2404,unseen,,,,,,
1790756538,ab5d36,unseen,,,,,,
1790756538,ac145b,unseen,,,,,,
1790756538,ac1fdb,unseen,,,,,,
1790756538,ac2749,unseen,,,,,,
1790756538,ac559f,unseen,,,,,,
1790756630,a0046f,unseen,,,,,,
1790756630,a21084,unseen,,,,,,
1790756630,a2ae0a,unseen,,,,,,
1790756630,a2d6c8,unseen,,,,,,
1790756630,a2da7f,unseen,,,,,,
1790756630,a326ca,unseen,,,,,,
1790756630,a47b5a,unseen,,,,,,
1790756630,a5706f,unseen,,,,,,
1790756630,a597ee,unseen,,,,,,
1790756630,a5bf2c,unseen,,,,,,
1790756630,a5f06e,unseen,,,,,,
1790756630,a5f7dc,unseen,,,,,,
1790756630,a71db6,unseen,,,,,,
1790756630,a835af,unseen,,,,,,
1790756630,a8926a,unseen,,,,,,
1790756630,a89621,unseen,,,,,,
1790756630,a8c3a8,unseen,,,,,,
1790756630,a901cd,unseen,,,,,,
1790756630,a91338,unseen,,,,,,
1790756630,a9247d,unseen,,,,,,
1790756630,a97659,unseen,,,,,,
1790756630,aa87e4,unseen,,,,,,
1790756630,ab2404,unseen,,,,,,
1790756630,ab5d36,unseen,,,,,,
1790756630,ac145b,unseen,,,,,,
1790756630,ac1fdb,unseen,,,,,,
1790756630,ac2749,unseen,,,,,,
1790756630,ac559f,unseen,,,,,,
1790756792,a0046f,unseen,,,,,,
1790756792,a21084,unseen,,,,,,
1790756792,a2ae0a,unseen,,,,,,
1790756792,a2d6c8,unseen,,,,,,
1790756792,a2da7f,unseen,,,,,,
1790756792,a326ca,unseen,,,,,,
1790756792,a47b5a,unseen,,,,,,
1790756792,a5706f,unseen,,,,,,
1790756792,a597ee,unseen,,,,,,
1790756792,a5bf2c,unseen,,,,,,
1790756792,a5f06e,unseen,,,,,,
1790756792,a5f7dc,unseen,,,,,,
1790756792,a71db6,unseen,,,,,,
1790756792,a835af,unseen,,,,,,
1790756792,a8926a,unseen,,,,,,
1790756792,a89621,unseen,,,,,,
1790756792,a8c3a8,unseen,,,,,,
1790756792,a901cd,unseen,,,,,,
1790756792,a91338,unseen,,,,,,
1790756792,a9247d,unseen,,,,,,
1790756792,a97659,unseen,,,,,,
1790756792,aa87e4,unseen,,,,,,
1790756792,ab2404,unseen,,,,,,
1790756792,ab5d36,unseen,,,,,,
1790756792,ac145b,unseen,,,,,,
1790756792,ac1fdb,unseen,,,,,,
1790756792,ac2749,unseen,,,,,,
1790756792,ac559f,unseen,,,,,,
