symbol,entite,personne_ou_entreprise,immatriculation,hex,modele,annee,proprietaire_faa,lien,confiance,source
ABBV,AbbVie,AbbVie (flotte société),N554AV,a70e5b,GULFSTREAM AEROSPACE CORP GVII-G600,2020,(masqué par la FAA) ( ),plane-alert-db,moyenne,plane-alert-db + FAA
ABT,Abbott Laboratories,Abbott Laboratories (flotte société),N100AL,a004bf,GULFSTREAM AEROSPACE CORP GVI (G650ER),2020,(masqué par la FAA) ( ),plane-alert-db,moyenne,plane-alert-db + FAA
ABT,Abbott Laboratories,Abbott Laboratories (flotte société),N550AL,a6ff76,GULFSTREAM AEROSPACE GV-SP (G550),2013,(masqué par la FAA) ( ),plane-alert-db,moyenne,plane-alert-db + FAA
ABT,Abbott Laboratories,Abbott Laboratories (flotte société),N900AL,ac6f37,GULFSTREAM AEROSPACE GV-SP (G550),2014,TVPX AIRCRAFT SOLUTIONS INC TRUSTEE (NORTH SALT LAKE UT),plane-alert-db,moyenne,plane-alert-db + FAA
ADBE,Adobe Inc.,Adobe Inc. (flotte société),N82123,ab374c,GULFSTREAM AEROSPACE CORP GVI (G650ER),2018,BANK OF UTAH TRUSTEE (SALT LAKE CITY UT),plane-alert-db,moyenne,plane-alert-db + FAA
ADSK,Autodesk,Autodesk (flotte société),N288QS,a2ed22,EMBRAER S A EMB-545,2026,ARCFLIGHT LLC (OKLAHOMA CITY OK),copropriétaire,moyenne,FAA (copropriété)
AES,AES Corporation,AES Corporation (flotte société),N71F,a97a31,CESSNA 525B,2005,AES AVIATION LLC (YORKTOWN VA),propriétaire,haute,FAA
AFL,Aflac,Aflac (flotte société),N280AF,a2ce01,IAI LTD GULFSTREAM G280,2017,AFLAC INC (COLUMBUS GA),propriétaire,haute,FAA
AFL,Aflac,Aflac (flotte société),N285AF,a2e094,IAI LTD GULFSTREAM G280,2018,AFLAC INC (COLUMBUS GA),propriétaire,haute,FAA
AMD,Advanced Micro Devices,Advanced Micro Devices (flotte société),N558FX,a71db6,BOMBARDIER INC BD-100-1A10,2020,FLEXJET LLC (CLEVELAND OH),copropriétaire,moyenne,FAA (copropriété)
AMD,Advanced Micro Devices,Advanced Micro Devices (flotte société),N664FX,a8c3a8,GULFSTREAM AEROSPACE CORP GVI (G650ER),2018,PLM SERVICES LLC (CLEVELAND OH),copropriétaire,moyenne,FAA (copropriété)
AMP,Ameriprise Financial,Ameriprise Financial (flotte société),N612AF,a7f632,GULFSTREAM AEROSPACE GIV-X (G450),2006,AMERIPRISE FINANCIAL INC (OXFORD CT),propriétaire,haute,FAA
AMP,Ameriprise Financial,Ameriprise Financial (flotte société),N616AF,a8050e,GULFSTREAM AEROSPACE GV-SP (G550),2010,AMERIPRISE FINANCIAL INC (OXFORD CT),propriétaire,haute,FAA
AOS,A. O. Smith,A. O. Smith (flotte société),N25ZG,a2576b,BOMBARDIER INC CL-600-2B16,2002,A O SMITH CORP (MILWAUKEE WI),propriétaire,haute,FAA
APA,APA Corporation,APA Corporation (flotte société),N26HH,a27d5b,CESSNA 550,1981,APA AVIATION LLC (GAINESVILLE FL),propriétaire,haute,FAA
APH,Amphenol,Amphenol (flotte société),N289QS,a2f0d9,EMBRAER S A EMB-545,2026,AMPHENOL CORP (OKLAHOMA CITY OK),propriétaire,haute,FAA
AXON,Axon Enterprise,Axon Enterprise (flotte société),N332FX,a39dd0,EMBRAER S A EMB-545,2023,PINTO MARC (CLEVELAND OH),copropriétaire,moyenne,FAA (copropriété)
AXP,American Express,American Express (flotte société),N650GB,a88d52,GULFSTREAM AEROSPACE CORP GVI (G650ER),2018,AMERICAN EXPRESS TRAVEL RELATED SERVICES CO INC (NEWBURGH NY),plane-alert-db,haute,plane-alert-db + FAA
BAC,Bank of America,Bank of America (flotte société),N228BA,a1fed3,IAI LTD GULFSTREAM G280,2016,(masqué par la FAA) ( ),plane-alert-db,moyenne,plane-alert-db + FAA
BAC,Bank of America,Bank of America (flotte société),N285BA,a2e0a8,IAI LTD GULFSTREAM G280,2016,BANK OF UTAH TRUSTEE (SALT LAKE CITY UT),plane-alert-db,haute,plane-alert-db + FAA
BAC,Bank of America,Bank of America (flotte société),N676BA,a8f21c,GULFSTREAM AEROSPACE CORP GVII-G600,2023,(masqué par la FAA) ( ),plane-alert-db,moyenne,plane-alert-db + FAA
BALL,Ball Corporation,Ball Corporation (flotte société),N400BC,a4acbd,BOMBARDIER INC BD-700-1A10,2013,BALL CORP (BROOMFIELD CO),propriétaire,haute,FAA
BRO,Brown & Brown,Brown & Brown (flotte société),N394BB,a491c0,TEXTRON AVIATION INC 560XL,2019,BROWN & BROWN INC (DAYTONA BEACH FL),propriétaire,haute,FAA
BRO,Brown & Brown,Brown & Brown (flotte société),N396BB,a4992e,CESSNA 680,2007,BROWN & BROWN INC (DAYTONA BEACH FL),propriétaire,haute,FAA
C,Citigroup,Citigroup (flotte société),N1812C,a14704,GULFSTREAM AEROSPACE CORP GVII-G600,2024,(masqué par la FAA) ( ),plane-alert-db,moyenne,plane-alert-db + FAA
CAT,Caterpillar Inc.,Caterpillar Inc. (flotte société),N175CT,a12c04,GULFSTREAM AEROSPACE CORP GVII-G500,2024,CATERPILLAR INC (FORT WORTH TX),propriétaire,haute,FAA
CAT,Caterpillar Inc.,Caterpillar Inc. (flotte société),N797CT,aad24a,BOMBARDIER INC BD-700-1A10,2012,CATERPILLAR INC (FORT WORTH TX),propriétaire,haute,FAA
CIEN,Ciena,Ciena (flotte société),N711QS,a98133,BOMBARDIER INC BD-100-1A10,2026,CIENA CORP (OKLAHOMA CITY OK),propriétaire,haute,FAA
CLX,Clorox,Clorox (flotte société),N204QS,a1a24e,BOMBARDIER INC CL-600-2B16,2025,ENZO AIR LLC (OKLAHOMA CITY OK),copropriétaire,moyenne,FAA (copropriété)
CMCSA,Comcast,Comcast (flotte société),N63XF,a83d76,GULFSTREAM AEROSPACE CORP GVI (G650ER),2020,TVPX AIRCRAFT SOLUTIONS INC TRUSTEE (NORTH SALT LAKE UT),plane-alert-db,moyenne,plane-alert-db + FAA
CMI,Cummins,Cummins (flotte société),N281CE,a2d1e9,IAI LTD GULFSTREAM G280,2022,CUMMINS INC (COLUMBUS IN),propriétaire,haute,FAA
CMI,Cummins,Cummins (flotte société),N282CE,a2d5a0,IAI LTD GULFSTREAM G280,2023,CUMMINS INC (COLUMBUS IN),propriétaire,haute,FAA
CMI,Cummins,Cummins (flotte société),N283CE,a2d957,IAI LTD GULFSTREAM G280,2021,CUMMINS INC (COLUMBUS IN),propriétaire,haute,FAA
CMI,Cummins,Cummins (flotte société),N804CE,aaf0f0,EMBRAER EMB-145XR,2012,CUMMINS INC (COLUMBUS IN),propriétaire,haute,FAA
CNP,CenterPoint Energy,CenterPoint Energy (flotte société),N102CE,a00c59,BOMBARDIER INC BD-100-1A10,2020,CENTERPOINT ENERGY SERVICE CO LLC (HOUSTON TX),propriétaire,haute,FAA
COF,Capital One,Capital One (flotte société),N595FX,a7b08d,BOMBARDIER INC BD-100-1A10,2019,FLEXJET LLC (CLEVELAND OH),co-titulaire,moyenne,FAA (copropriété)
COHR,Coherent Corp.,Coherent Corp. (flotte société),N660FX,a8b4cc,GULFSTREAM AEROSPACE CORP GVI (G650ER),2016,FLEXJET LLC (CLEVELAND OH),copropriétaire,moyenne,FAA (copropriété)
COO,Cooper Companies (The),Cooper Companies (The) (flotte société),N881RC,ac2306,CESSNA 525,2007,COOPER COMPANIES INC (SCOTTSDALE AZ),propriétaire,haute,FAA
COP,ConocoPhillips,ConocoPhillips (flotte société),N284CP,a2dd17,EMBRAER EMB-145XR,2013,CONOCOPHILLIPS CO (HOUSTON TX),propriétaire,haute,FAA
COP,ConocoPhillips,ConocoPhillips (flotte société),N793CP,aac36a,GULFSTREAM AEROSPACE CORP GVII-G600,2023,CONOCOPHILLIPS COMPANY (HOUSTON TX),propriétaire,haute,FAA
COP,ConocoPhillips,ConocoPhillips (flotte société),N795CP,aacad8,GULFSTREAM AEROSPACE CORP GVII-G600,2024,CONOCOPHILLIPS CO (HOUSTON TX),propriétaire,haute,FAA
COP,ConocoPhillips,ConocoPhillips (flotte société),N797CP,aad246,GULFSTREAM AEROSPACE CORP GVII-G500,2025,CONOCOPHILLIPS CO (HOUSTON TX),propriétaire,haute,FAA
CPRT,Copart,Copart (flotte société),N220FX,a1e194,BOMBARDIER INC BD-100-1A10,2025,JSA INVESTMENTS LLC (CLEVELAND OH),co-titulaire,moyenne,FAA (copropriété)
CPRT,Copart,Copart (flotte société),N394WJ,a493a2,BOMBARDIER INC BD-700-1A10,2007,TVPX AIRCRAFT SOLUTIONS INC TRUSTEE (NORTH SALT LAKE UT),plane-alert-db,moyenne,plane-alert-db + FAA
CPRT,Copart,Copart (flotte société),N516FX,a6784c,BOMBARDIER INC BD-100-1A10,2024,C VIEW LLC (CLEVELAND OH),copropriétaire,moyenne,FAA (copropriété)
CRM,Salesforce,Marc Benioff,N650HA,a88d6a,GULFSTREAM AEROSPACE CORP GVI (G650ER),2019,(masqué par la FAA) ( ),plane-alert-db,moyenne,plane-alert-db + FAA
CVX,Chevron Corporation,Chevron Corporation (flotte société),N1876P,a15de5,GULFSTREAM AEROSPACE CORP GVI (G650ER),2019,CHEVRON U S A INC (SUGAR LAND TX),plane-alert-db,haute,plane-alert-db + FAA
CVX,Chevron Corporation,Chevron Corporation (flotte société),N1895T,a16534,GULFSTREAM AEROSPACE CORP GVI (G650ER),2018,CHEVRON U S A INC (SUGAR LAND TX),plane-alert-db,haute,plane-alert-db + FAA
CVX,Chevron Corporation,Chevron Corporation (flotte société),N1901G,a16aad,GULFSTREAM AEROSPACE CORP GVI (G650ER),2017,CHEVRON U S A INC (SUGAR LAND TX),plane-alert-db,haute,plane-alert-db + FAA
CVX,Chevron Corporation,Chevron Corporation (flotte société),N884GL,ac2d52,EMBRAER SA EMB-550,2020,CHEVRON USA INC (SUGAR LAND TX),propriétaire,haute,FAA
D,Dominion Energy,Dominion Energy (flotte société),N604D,a7d666,IAI LTD GULFSTREAM G280,2014,DOMINION ENERGY SERVICES INC (RICHMOND VA),propriétaire,haute,FAA
D,Dominion Energy,Dominion Energy (flotte société),N607D,a7e18b,GULFSTREAM AEROSPACE GIV-X (G450),2017,DOMINION ENERGY SERVICES INC (RICHMOND VA),propriétaire,haute,FAA
DD,DuPont,DuPont (flotte société),N581D,a779ea,GULFSTREAM AEROSPACE GV-SP (G550),2011,WILMINGTON TRUST CO TRUSTEE (WILMINGTON DE),plane-alert-db,moyenne,plane-alert-db + FAA
DG,Dollar General,Dollar General (flotte société),N855DG,abba3d,DASSAULT FALCON 2000EX,2006,DOLLAR GENERAL CORP (GOODLETTSVILLE TN),propriétaire,haute,FAA
DGX,Quest Diagnostics,Quest Diagnostics (flotte société),N288DX,a2ec14,EMBRAER-EMPRESA BRASILEIRA DE EMB-500,2010,QUEST DIAGNOSTICS CLINICAL LABORATORIES INC (READING PA),plane-alert-db,haute,plane-alert-db + FAA
DGX,Quest Diagnostics,Quest Diagnostics (flotte société),N648DX,a88354,EMBRAER-EMPRESA BRASILEIRA DE EMB-500,2010,QUEST DIAGNOSTICS CLINICAL LABORATORIES INC (READING PA),plane-alert-db,haute,plane-alert-db + FAA
DGX,Quest Diagnostics,Quest Diagnostics (flotte société),N899DX,ac6724,EMBRAER-EMPRESA BRASILEIRA DE EMB-500,2010,QUEST DIAGNOSTICS CLINICAL LABORATORIES INC (READING PA),plane-alert-db,haute,plane-alert-db + FAA
EG,Everest Group,Everest Group (flotte société),N343FX,a3c906,EMBRAER S A EMB-545,2023,FLEXJET LLC (CLEVELAND OH),copropriétaire,moyenne,FAA (copropriété)
FDXF,FedEx Freight,FedEx Freight (flotte société),N21FE,a1b7ab,BOMBARDIER INC BD-100-1A10,2012,FEDEX FREIGHT INC (MEMPHIS TN),propriétaire,haute,FAA
FDXF,FedEx Freight,FedEx Freight (flotte société),N39FE,a480f2,BOMBARDIER INC BD-100-1A10,2013,FEDEX FREIGHT INC (MEMPHIS TN),propriétaire,haute,FAA
GD,General Dynamics,General Dynamics (flotte société),N280GD,a2ce95,IAI LTD GULFSTREAM G280,2010,GENERAL DYNAMICS ORDNANCE AND TACTICAL SYSTEMS INC (SAINT PETERSBURG FL),plane-alert-db,haute,plane-alert-db + FAA
GD,General Dynamics,General Dynamics (flotte société),N585G,a78911,GULFSTREAM AEROSPACE CORP GVII-G500,2022,GENERAL DYNAMICS CORP (RESTON VA),propriétaire,haute,FAA
GD,General Dynamics,General Dynamics (flotte société),N586G,a78cc8,GULFSTREAM AEROSPACE CORP GVII-G500,2022,GENERAL DYNAMICS CORP (RESTON VA),propriétaire,haute,FAA
GD,General Dynamics,General Dynamics (flotte société),N587G,a7907f,GULFSTREAM AEROSPACE CORP GVII-G500,2022,GENERAL DYNAMICS CORP (RESTON VA),propriétaire,haute,FAA
GD,General Dynamics,General Dynamics (flotte société),N628G,a8348b,IAI LTD GULFSTREAM G280,2016,GENERAL DYNAMICS MISSION SYSTEMS INC (FAIRFAX VA),plane-alert-db,haute,plane-alert-db + FAA
GEV,GE Vernova,GE Vernova (flotte société),N101FX,a008fe,GULFSTREAM AEROSPACE CORP GVIII-G700,2024,IRB HOLDING CORP (CLEVELAND OH),copropriétaire,moyenne,FAA (copropriété)
GLW,Corning Inc.,Corning Inc. (flotte société),N18CG,a13e8c,DASSAULT AVIATION FALCON 900EX,2009,CORNING INC (CORNING NY),propriétaire,haute,FAA
GLW,Corning Inc.,Corning Inc. (flotte société),N28CG,a2cbdb,BOMBARDIER INC CL-600-2B19,2007,CORNING INC (CORNING NY),propriétaire,haute,FAA
GLW,Corning Inc.,Corning Inc. (flotte société),N295ML,a3092b,TEXTRON AVIATION INC 525,2019,CORNING COMPANIES LLC (BILLINGS MT),propriétaire,haute,FAA
GLW,Corning Inc.,Corning Inc. (flotte société),N38CG,a4592a,BOMBARDIER INC CL-600-2B19,2008,CORNING INC (CORNING NY),propriétaire,haute,FAA
GLW,Corning Inc.,Corning Inc. (flotte société),N48CG,a5e679,DASSAULT AVIATION FALCON 900EX,2008,CORNING INC (CORNING NY),propriétaire,haute,FAA
GLW,Corning Inc.,Corning Inc. (flotte société),N58CG,a773c8,DASSAULT FALCON 900 EX,2015,CORNING INC (CORNING NY),propriétaire,haute,FAA
GLW,Corning Inc.,Corning Inc. (flotte société),N788CG,aaae77,BOMBARDIER INC CL-600-2B19,2009,CORNING INC (CORNING NY),propriétaire,haute,FAA
GOOGL,Alphabet Inc. (Class A),Alphabet Inc. (Class A) (flotte société),N10XG,a0046f,GULFSTREAM AEROSPACE GV-SP (G550),2008,BANK OF UTAH TRUSTEE (SALT LAKE CITY UT),plane-alert-db,moyenne,plane-alert-db + FAA
GOOGL,Alphabet Inc. (Class A),Alphabet Inc. (Class A) (flotte société),N232G,a21084,GULFSTREAM AEROSPACE CORP GVI (G650ER),2018,BANK OF UTAH TRUSTEE (SALT LAKE CITY UT),plane-alert-db,moyenne,plane-alert-db + FAA
GOOGL,Alphabet Inc. (Class A),Alphabet Inc. (Class A) (flotte société),N651WE,a8926a,GULFSTREAM AEROSPACE CORP GVI (G650ER),2015,(masqué par la FAA) ( ),plane-alert-db,moyenne,plane-alert-db + FAA
GOOGL,Alphabet Inc. (Class A),Eric Schmidt,N652WE,a89621,GULFSTREAM AEROSPACE CORP GVI (G650ER),2021,(masqué par la FAA) ( ),plane-alert-db,moyenne,plane-alert-db + FAA
GPC,Genuine Parts Company,Genuine Parts Company (flotte société),N28GP,a2cc46,IAI LTD GULFSTREAM G280,2015,GENUINE PARTS CO (ATLANTA GA),propriétaire,haute,FAA
GPN,Global Payments,Global Payments (flotte société),N183TS,a14d8b,EMBRAER SA EMB-550,2018,PINNACLE BANK (COLUMBUS GA),co-titulaire,moyenne,FAA (copropriété)
GPN,Global Payments,Global Payments (flotte société),N288SF,a2ed49,EMBRAER SA EMB-550,2018,PINNACLE BANK (COLUMBUS GA),co-titulaire,moyenne,FAA (copropriété)
GPN,Global Payments,Global Payments (flotte société),N794BC,aac6fd,EMBRAER S A EMB-545,2018,PINNACLE BANK (COLUMBUS GA),co-titulaire,moyenne,FAA (copropriété)
GRMN,Garmin,Garmin (flotte société),N300WB,a32148,CESSNA 560,1994,GARMIN INTERNATIONAL INC (OLATHE KS),propriétaire,haute,FAA
GRMN,Garmin,Garmin (flotte société),N78XL,aa9045,CESSNA 560XL,2005,GARMIN INTERNATIONAL INC (OLATHE KS),propriétaire,haute,FAA
GRMN,Garmin,Garmin (flotte société),N820UT,ab32af,CESSNA 510,2011,GARMIN INTERNATIONAL INC (OLATHE KS),propriétaire,haute,FAA
GRMN,Garmin,Garmin (flotte société),N888GL,ac3c2e,CESSNA 525A,2004,GARMIN INTERNATIONAL INC (OLATHE KS),propriétaire,haute,FAA
HBAN,Huntington Bancshares,Huntington Bancshares (flotte société),N8CB,aadd5f,BOMBARDIER INC BD-100-1A10,2024,HUNTINGTON BANCSHARES INC (COLUMBUS OH),propriétaire,haute,FAA
HONA,Honeywell Aerospace,Honeywell Aerospace (flotte société),N889H,ac3ff3,DASSAULT AVIATION FALCON 900EX,2004,HONEYWELL AEROSPACE US LLC (PHOENI AZ),propriétaire,haute,FAA
HONA,Honeywell Aerospace,Honeywell Aerospace (flotte société),N933H,acf17d,GULFSTREAM AEROSPACE GV-SP (G550),2005,HONEYWELL AEROSPACE US LLC (PHOENIX AZ),propriétaire,haute,FAA
HPQ,HP Inc.,HP Inc. (flotte société),N222VR,a1ea5a,CESSNA 525B,2007,HP TRANSPORTATION LLC (PHOENIX AZ),propriétaire,haute,FAA
HPQ,HP Inc.,HP Inc. (flotte société),N592FX,a7a568,BOMBARDIER INC BD-100-1A10,,FLEXJET LLC (CLEVELAND OH),co-titulaire,moyenne,FAA (copropriété)
HPQ,HP Inc.,HP Inc. (flotte société),N7SB,a9516e,CESSNA 750,2003,HP AVIATION SERVICES LLC (WINTER GARDEN FL),propriétaire,haute,FAA
HRL,Hormel Foods,Hormel Foods (flotte société),N198HF,a18698,IAI LTD GULFSTREAM G280,2019,HORMEL FOODS CORPORATE SERVICES LLC (AUSTIN MN),propriétaire,haute,FAA
HRL,Hormel Foods,Hormel Foods (flotte société),N199HF,a18a4f,IAI LTD GULFSTREAM G280,2014,HORMEL FOODS CORPORATE SERVICES LLC (AUSTIN MN),propriétaire,haute,FAA
HUM,Humana,Humana (flotte société),N733A,a9d630,DASSAULT FALCON 2000EX,2011,HUMANA INC (LOUISVILLE KY),propriétaire,haute,FAA
HUM,Humana,Humana (flotte société),N733H,a9d6df,DASSAULT AVIATION FALCON 2000EX,2010,HUMANA INC (LOUISVILLE KY),propriétaire,haute,FAA
HUM,Humana,Humana (flotte société),N733K,a9d711,DASSAULT AVIATION FALCON 2000EX,2016,HUMANA INC (LOUISVILLE KY),propriétaire,haute,FAA
IBM,IBM,IBM (flotte société),N780RW,aa9212,GULFSTREAM AEROSPACE CORP GVI (G650ER),2020,BANC OF AMERICA LEASING & CAPITAL LLC (PROVIDENCE RI),plane-alert-db,moyenne,plane-alert-db + FAA
IBM,IBM,IBM (flotte société),N780TW,aa9244,GULFSTREAM AEROSPACE CORP GVI (G650ER),2020,INTERNATIONAL BUSINESS MACHINES CORP (ARMONK NY),propriétaire,haute,FAA
ICE,Intercontinental Exchange,Intercontinental Exchange (flotte société),N231CE,a20c6e,GULFSTREAM AEROSPACE GV-SP (G550),2009,TVPX ARS INC TRUSTEE (NORTH SALT LAKE UT),plane-alert-db,moyenne,plane-alert-db + FAA
IEX,IDEX Corporation,IDEX Corporation (flotte société),N414QS,a4e46b,EMBRAER EXECUTIVE AIRCRAFT INC EMB-505,2017,NETJETS SALES INC (OKLAHOMA CITY OK),copropriétaire,moyenne,FAA (copropriété)
IP,International Paper,International Paper (flotte société),N496QS,a627d1,EMBRAER EXECUTIVE AIRCRAFT INC EMB-505,2025,BJ'S WHOLESALE CLUB INC (OKLAHOMA CITY OK),copropriétaire,moyenne,FAA (copropriété)
IR,Ingersoll Rand,Ingersoll Rand (flotte société),N2291R,a204fb,GULFSTREAM AEROSPACE GV-SP (G550),2017,INGERSOLL RAND INC (DAVIDSON NC),propriétaire,haute,FAA
JKHY,Jack Henry & Associates,Jack Henry & Associates (flotte société),N780JH,aa9156,EMBRAER S A EMB-545,2025,JACK HENRY & ASSOCIATES INC (MONETT MO),propriétaire,haute,FAA
JKHY,Jack Henry & Associates,Jack Henry & Associates (flotte société),N894JH,ac5500,EMBRAER EXECUTIVE AIRCRAFT INC EMB-505,2013,JACK HENRY & ASSOCIATES INC (MONETT MO),propriétaire,haute,FAA
JKHY,Jack Henry & Associates,Jack Henry & Associates (flotte société),N895JH,ac58b7,EMBRAER EXECUTIVE AIRCRAFT INC EMB-505,2013,JACK HENRY AND ASSOCIATES INC (MONETT MO),propriétaire,haute,FAA
JNJ,Johnson & Johnson,Johnson & Johnson (flotte société),N1930J,a175b1,TEXTRON AVIATION INC 680,2015,JOHNSON & JOHNSON AVIATION LLC (WILMINGTON DE),propriétaire,haute,FAA
JNJ,Johnson & Johnson,Johnson & Johnson (flotte société),N30QJ,a31e60,GULFSTREAM AEROSPACE CORP GVII-G600,2023,JOHNSON & JOHNSON (NEW BRUNSWICK NJ),propriétaire,haute,FAA
JNJ,Johnson & Johnson,Johnson & Johnson (flotte société),N400J,a4ad69,GULFSTREAM AEROSPACE CORP GVI (G650ER),2018,JOHNSON & JOHNSON FINANCE CORP (NEW BRUNSWICK NJ),plane-alert-db,haute,plane-alert-db + FAA
JNJ,Johnson & Johnson,Johnson & Johnson (flotte société),N60QJ,a7c64d,GULFSTREAM AEROSPACE CORP GVII-G600,2023,JOHNSON & JOHNSON (NEW BRUNSWICK NJ),propriétaire,haute,FAA
JNJ,Johnson & Johnson,Johnson & Johnson (flotte société),N800J,aae2a5,GULFSTREAM AEROSPACE CORP GVI (G650ER),2018,JOHNSON & JOHNSON FINANCE CORP (NEW BRUNSWICK NJ),plane-alert-db,haute,plane-alert-db + FAA
KO,Coca-Cola Company (The),Coca-Cola Company (The) (flotte société),N886RW,ac35ab,GULFSTREAM AEROSPACE CORP GVII-G600,2019,BANK OF UTAH TRUSTEE (SALT LAKE CITY UT),plane-alert-db,moyenne,plane-alert-db + FAA
KR,Kroger,Kroger (flotte société),N300KC,a32036,BOMBARDIER INC BD-100-1A10,2012,KROGER CO (CINCINNATI OH),propriétaire,haute,FAA
KR,Kroger,Kroger (flotte société),N302KC,a327a4,BOMBARDIER INC BD-100-1A10,2013,KROGER CO (CINCINNATI OH),propriétaire,haute,FAA
KR,Kroger,Kroger (flotte société),N304KC,a32f12,BOMBARDIER INC BD-100-1A10,2013,KROGER CO (CINCINNATI OH),propriétaire,haute,FAA
LDOS,Leidos,Leidos (flotte société),N618CR,a80cb8,BOMBARDIER INC CL-600-2B16,2001,LEIDOS INC (RESTON VA),propriétaire,haute,FAA
LH,Labcorp,Labcorp (flotte société),N108DB,a022b9,GULFSTREAM AEROSPACE CORP GVII-G600,2019,TVPX AIRCRAFT SOLUTIONS INC TRUSTEE (NORTH SALT LAKE UT),plane-alert-db,moyenne,plane-alert-db + FAA
LH,Labcorp,Labcorp (flotte société),N517LH,a67c72,PILATUS AIRCRAFT LTD PC-24,2019,LABORATORY CORPORATION OF AMERICA HOLDINGS (BURLINGTON NC),propriétaire,haute,FAA
LMT,Lockheed Martin,Lockheed Martin (flotte société),N344RS,a3cdb2,GULFSTREAM AEROSPACE GV-SP (G550),2013,U S BANK NA TRUSTEE (HARTFORD CT),plane-alert-db,moyenne,plane-alert-db + FAA
LMT,Lockheed Martin,Lockheed Martin (flotte société),N359GS,a406e3,IAI LTD GULFSTREAM G280,2017,US BANK NA TRUSTEE (HARTFORD CT),plane-alert-db,moyenne,plane-alert-db + FAA
LMT,Lockheed Martin,Lockheed Martin (flotte société),N650VC,a88e98,GULFSTREAM AEROSPACE CORP GVI (G650ER),2016,U S BANK NA TRUSTEE (HARTFORD CT),plane-alert-db,moyenne,plane-alert-db + FAA
LOW,Lowe's,Lowe's (flotte société),N33LC,a39473,GULFSTREAM AEROSPACE CORP GVII-G500,2020,(masqué par la FAA) ( ),plane-alert-db,moyenne,plane-alert-db + FAA
LVS,Las Vegas Sands,Las Vegas Sands (flotte société),N336LS,a3ad24,GULFSTREAM AEROSPACE GV-SP (G550),2000,LAS VEGAS SANDS CORP (LAS VEGAS NV),propriétaire,haute,FAA
LVS,Las Vegas Sands,Las Vegas Sands (flotte société),N337LS,a3b0db,GULFSTREAM AEROSPACE GV-SP (G550),2007,LAS VEGAS SANDS CORP (LAS VEGAS NV),propriétaire,haute,FAA
LVS,Las Vegas Sands,Las Vegas Sands (flotte société),N338LS,a3b492,GULFSTREAM AEROSPACE GV-SP (G550),2000,LAS VEGAS SANDS CORP (LAS VEGAS NV),propriétaire,haute,FAA
LVS,Las Vegas Sands,Las Vegas Sands (flotte société),N339LS,a3b849,GULFSTREAM AEROSPACE GV-SP (G550),2007,LAS VEGAS SANDS CORP (LAS VEGAS NV),propriétaire,haute,FAA
LVS,Las Vegas Sands,Las Vegas Sands (flotte société),N885LS,ac3173,BOEING 737-7EL,2001,LAS VEGAS SANDS CORP (LAS VEGAS NV),propriétaire,haute,FAA
LVS,Las Vegas Sands,Las Vegas Sands (flotte société),N889LS,ac404f,BOEING 737-73T,1999,LAS VEGAS SANDS CORP (LAS VEGAS NV),propriétaire,haute,FAA
META,Meta Platforms,Mark Zuckerberg,N3880,a47b5a,GULFSTREAM AEROSPACE CORP GVIII-G700,2024,A7P TRUST COMPANY INC TRUSTEE (CHEYENNE WY),plane-alert-db,moyenne,plane-alert-db + FAA
META,Meta Platforms,Mark Zuckerberg,N68885,a9247d,GULFSTREAM AEROSPACE CORP GVI (G650ER),2021,A7P TRUST CO INC TRUSTEE (CHEYENNE WY),plane-alert-db,moyenne,plane-alert-db + FAA
MLM,Martin Marietta Materials,Martin Marietta Materials (flotte société),N404MM,a4bc9c,IAI LTD GULFSTREAM G280,2022,MARTIN MARIETTA MATERIALS INC (RALEIGH NC),propriétaire,haute,FAA
MMM,3M,3M (flotte société),N93M,ace463,GULFSTREAM AEROSPACE CORP GVI (G650ER),2018,TVPX AIRCRAFT SOLUTIONS INC TRUSTEE (NORTH SALT LAKE UT),plane-alert-db,moyenne,plane-alert-db + FAA
MPC,Marathon Petroleum,Marathon Petroleum (flotte société),N422MP,a5042e,BOMBARDIER INC BD-100-1A10,2013,TVPX AIRCRAFT SOLUTIONS INC TRUSTEE (NORTH SALT LAKE UT),plane-alert-db,moyenne,plane-alert-db + FAA
MSFT,Microsoft,Steve Ballmer,N709DS,a97659,GULFSTREAM AEROSPACE CORP GVIII-G800,2025,CRUISING ALTITUDE LLC (SEATTLE WA),plane-alert-db,moyenne,plane-alert-db + FAA
MSI,Motorola Solutions,Motorola Solutions (flotte société),N513FX,a66d27,BOMBARDIER INC BD-100-1A10,2024,MOTOROLA SOLUTIONS INC (CLEVELAND OH),propriétaire,haute,FAA
MU,Micron Technology,Micron Technology (flotte société),N684MT,a91338,GULFSTREAM AEROSPACE CORP GVI (G650ER),2016,MICRON TECHNOLOGY INC (BOISE ID),propriétaire,haute,FAA
MU,Micron Technology,Micron Technology (flotte société),N778MT,aa87e4,IAI LTD GULFSTREAM G280,2018,MICRON TECHNOLOGY INC (BOISE ID),propriétaire,haute,FAA
MU,Micron Technology,Micron Technology (flotte société),N831MT,ab5d36,IAI LTD GULFSTREAM G280,2021,MICRON TECHNOLOGY INC (BOISE ID),propriétaire,haute,FAA
NFLX,Netflix,Netflix (flotte société),N533GV,a6bc3c,GULFSTREAM AEROSPACE GV-SP (G550),2011,WILMINGTON TRUST CO TRUSTEE (WILMINGTON DE),plane-alert-db,moyenne,plane-alert-db + FAA
NI,NiSource,NiSource (flotte société),N714CG,a98b22,BOMBARDIER INC BD-100-1A10,2020,NISOURCE CORPORATE SERVICES CO (COLUMBUS OH),propriétaire,haute,FAA
NKE,"Nike, Inc.","Nike, Inc. (flotte société)",N1972,a184ca,GULFSTREAM AEROSPACE CORP GVI (G650ER),2019,NIKE INC (HILLSBORO OR),propriétaire,haute,FAA
NKE,"Nike, Inc.","Nike, Inc. (flotte société)",N3546,a3f6d3,GULFSTREAM AEROSPACE CORP GVI (G650ER),2022,NIKE INC (HILLSBORO OR),propriétaire,haute,FAA
NKE,"Nike, Inc.","Nike, Inc. (flotte société)",N6453,a87a8f,GULFSTREAM AEROSPACE CORP GVI (G650),2014,TVPX AIRCRAFT SOLUTIONS INC OWNER TRUSTEE (NORTH SALT LAKE UT),plane-alert-db,moyenne,plane-alert-db + FAA
NOC,Northrop Grumman,Northrop Grumman (flotte société),N23NG,a2075a,CESSNA 680,2014,NORTHROP GRUMMAN SYSTEMS CORP (EL SEGUNDO CA),plane-alert-db,haute,plane-alert-db + FAA
NOC,Northrop Grumman,Northrop Grumman (flotte société),N37NG,a432a5,GULFSTREAM AEROSPACE GV-SP (G550),2018,NORTHROP GRUMMAN SYSTEMS CORP (EL SEGUNDO CA),plane-alert-db,haute,plane-alert-db + FAA
NOC,Northrop Grumman,Northrop Grumman (flotte société),N38NG,a45a24,GULFSTREAM AEROSPACE GV-SP (G550),2015,NORTHROP GRUMMAN SYSTEMS CORP (EL SEGUNDO CA),plane-alert-db,haute,plane-alert-db + FAA
NOC,Northrop Grumman,Northrop Grumman (flotte société),N99NG,add17d,GULFSTREAM AEROSPACE G-V,1998,NORTHROP GRUMMAN SYSTEMS CORP (EL SEGUNDO CA),plane-alert-db,haute,plane-alert-db + FAA
NUE,Nucor,Nucor (flotte société),N750JT,aa1ae3,CESSNA 750,2009,NUCOR CORP (CHARLOTTE NC),propriétaire,haute,FAA
NUE,Nucor,Nucor (flotte société),N940JF,ad0df6,TEXTRON AVIATION INC 680A,2016,NUCOR CORP (CHARLOTTE NC),propriétaire,haute,FAA
NUE,Nucor,Nucor (flotte société),N980JF,adabf2,TEXTRON AVIATION INC 680A,2017,NUCOR CORP (CHARLOTTE NC),propriétaire,haute,FAA
OKE,Oneok,Oneok (flotte société),N300KE,a32038,BOMBARDIER INC BD-100-1A10,2011,ONEOK INC (TULSA OK),propriétaire,haute,FAA
OKE,Oneok,Oneok (flotte société),N310KE,a347b7,BOMBARDIER INC BD-100-1A10,2024,ONEOK INC (TULSA OK),propriétaire,haute,FAA
ORCL,Oracle Corporation,Larry Ellison,N817GS,ab2404,GULFSTREAM AEROSPACE CORP GVI (G650),2014,WING AND A PRAYER INC (WALNUT CREEK CA),plane-alert-db,moyenne,plane-alert-db + FAA
PCAR,Paccar,Paccar (flotte société),N370D,a43416,IAI LTD GULFSTREAM G280,2025,PACCAR INC (SEATAC WA),propriétaire,haute,FAA
PCAR,Paccar,Paccar (flotte société),N701P,a9598a,DASSAULT AVIATION MYSTERE-FALCON 50,2000,PACCAR INC (SEATAC WA),propriétaire,haute,FAA
PCAR,Paccar,Paccar (flotte société),N706P,a96c1d,DASSAULT AVIATION MYSTERE-FALCON 50,2001,PACCAR INC (SEATAC WA),propriétaire,haute,FAA
PCAR,Paccar,Paccar (flotte société),N880T,ac1f7e,IAI LTD GULFSTREAM G280,2025,PACCAR INC (SEATAC WA),propriétaire,haute,FAA
PFE,Pfizer,Pfizer (flotte société),N3CP,a31ae0,GULFSTREAM AEROSPACE CORP GVIII-G800,2024,(masqué par la FAA) ( ),plane-alert-db,moyenne,plane-alert-db + FAA
PFE,Pfizer,Pfizer (flotte société),N4CP,a4a82f,GULFSTREAM AEROSPACE CORP GVIII-G800,2025,(masqué par la FAA) ( ),plane-alert-db,moyenne,plane-alert-db + FAA
PFE,Pfizer,Pfizer (flotte société),N6CP,a7c2cd,GULFSTREAM AEROSPACE CORP GVI (G650ER),2018,(masqué par la FAA) ( ),plane-alert-db,moyenne,plane-alert-db + FAA
PG,Procter & Gamble,Procter & Gamble (flotte société),N1PG,a0014e,GULFSTREAM AEROSPACE CORP GVI (G650ER),2017,PROCTER & GAMBLE LEASING LLC (CINCINNATI OH),propriétaire,haute,FAA
PG,Procter & Gamble,Procter & Gamble (flotte société),N2PG,a18e9d,GULFSTREAM AEROSPACE CORP GVI (G650ER),2017,PROCTER & GAMBLE LEASING LLC (CINCINNATI OH),propriétaire,haute,FAA
PG,Procter & Gamble,Procter & Gamble (flotte société),N5PG,a6368a,GULFSTREAM AEROSPACE CORP GVII-G500,2025,PROCTER & GAMBLE LEASING LLC (CINCINNATI OH),propriétaire,haute,FAA
PG,Procter & Gamble,Procter & Gamble (flotte société),N6PG,a7c3d9,GULFSTREAM AEROSPACE CORP GVII-G500,2025,PROCTER & GAMBLE LEASING LLC (CINCINNATI OH),propriétaire,haute,FAA
PG,Procter & Gamble,Procter & Gamble (flotte société),N7PG,a95128,BOMBARDIER INC BD-100-1A10,2014,TVPX AIRCRAFT SOLUTIONS INC TRUSTEE (NORTH SALT LAKE UT),plane-alert-db,moyenne,plane-alert-db + FAA
PNC,PNC Financial Services,PNC Financial Services (flotte société),N412DL,a4dbe4,BOMBARDIER INC BD-100-1A10,2024,PNC FINANCIAL SERVICES GROUP INC (PITTSBURGH PA),propriétaire,haute,FAA
PNC,PNC Financial Services,PNC Financial Services (flotte société),N513DL,a66cea,BOMBARDIER INC BD-700-1A11,2017,PNC FINANCIAL SERVICES GROUP INC (PITTSBURGH PA),propriétaire,haute,FAA
PNC,PNC Financial Services,PNC Financial Services (flotte société),N545DL,a6ead5,BOMBARDIER INC BD-100-1A10,2025,PNC FINANCIAL SERVICES GROUP INC (PITTSBURGH PA),propriétaire,haute,FAA
PNC,PNC Financial Services,PNC Financial Services (flotte société),N852DL,abaf1c,BOMBARDIER INC BD-100-1A10,2020,PNC FINANCIAL SERVICES GROUP INC (PITTSBURGH PA),propriétaire,haute,FAA
PNR,Pentair,Pentair (flotte société),N211WG,a1bf34,DASSAULT AVIATION MYSTERE FALCON 900,2006,PENTAIR LLC (PALMETTO FL),propriétaire,haute,FAA
PPG,PPG Industries,PPG Industries (flotte société),N827GA,ab4b73,GULFSTREAM AEROSPACE G-IV,1999,PPG INDUSTRIES INC (WEST MIFFLIN PA),propriétaire,haute,FAA
PPG,PPG Industries,PPG Industries (flotte société),N857GA,abc1f0,GULFSTREAM AEROSPACE CORP GV-SP (G550),2019,PPG INDUSTRIES INC (WEST MIFFLIN PA),propriétaire,haute,FAA
PPL,PPL Corporation,PPL Corporation (flotte société),N684QS,a91382,TEXTRON AVIATION INC 680A,2019,LHM INVESTMENTS LLC (OKLAHOMA CITY OK),copropriétaire,moyenne,FAA (copropriété)
PTC,PTC Inc.,PTC Inc. (flotte société),N552SC,a7086c,CESSNA 560XL,2001,PTC AVIATION LLC (NORTHPORT AL),propriétaire,haute,FAA
PWR,Quanta Services,Quanta Services (flotte société),N282QA,a2d6c8,IAI LTD GULFSTREAM G280,2014,QUANTA SERVICES INC (HOUSTON TX),propriétaire,haute,FAA
PWR,Quanta Services,Quanta Services (flotte société),N283QA,a2da7f,IAI LTD GULFSTREAM G280,,QUANTA SERVICES INC (HOUSTON TX),propriétaire,haute,FAA
PYPL,PayPal,PayPal (flotte société),N4050,a4c18c,GULFSTREAM AEROSPACE CORP GVI (G650ER),2019,(masqué par la FAA) ( ),plane-alert-db,moyenne,plane-alert-db + FAA
QCOM,Qualcomm,Qualcomm (flotte société),N880WT,ac1fdb,GULFSTREAM AEROSPACE CORP GVIII-G800,2025,QUALCOMM INC (CARLSBAD CA),propriétaire,haute,FAA
QCOM,Qualcomm,Qualcomm (flotte société),N882WT,ac2749,GULFSTREAM AEROSPACE CORP GVI (G650ER),2022,QUALCOMM INC (CARLSBAD CA),propriétaire,haute,FAA
REGN,Regeneron Pharmaceuticals,Regeneron Pharmaceuticals (flotte société),N459FX,a5941e,GULFSTREAM AEROSPACE GIV-X (G450),2013,DAB-JAB AIR LLC (CLEVELAND OH),copropriétaire,moyenne,FAA (copropriété)
RMD,ResMed|,ResMed| (flotte société),N539CA,a6d20f,DASSAULT AVIATION FALCON 900EX,2007,RESMED INC (SAN DIEGO CA),propriétaire,haute,FAA
ROK,Rockwell Automation,Rockwell Automation (flotte société),N57AB,a74c12,BOMBARDIER INC CL-600-2B16(CL-604),2014,ROCKWELL AUTOMATION INC (MILWAUKEE WI),propriétaire,haute,FAA
ROK,Rockwell Automation,Rockwell Automation (flotte société),N68AB,a900e0,BOMBARDIER INC CL-600-2B16,2024,ROCKWELL AUTOMATION INC (MILWAUKEE WI),propriétaire,haute,FAA
ROP,Roper Technologies,Roper Technologies (flotte société),N3RP,a31c25,DASSAULT AVIATION FALCON 6X,2021,ROPER TECHNOLOGIES INC (SARASOTA FL),propriétaire,haute,FAA
SBUX,Starbucks,Starbucks (flotte société),N19HS,a16692,GULFSTREAM AEROSPACE CORP GVI (G650ER),2019,TVPX AIRCRAFT SOLUTIONS INC TRUSTEE (NORTH SALT LAKE UT),plane-alert-db,moyenne,plane-alert-db + FAA
SJM,J.M. Smucker Company (The),J.M. Smucker Company (The) (flotte société),N1897S,a16579,DASSAULT AVIATION FALCON 2000EX,2012,J M SMUCKER CO (ORRVILLE OH),propriétaire,haute,FAA
SJM,J.M. Smucker Company (The),J.M. Smucker Company (The) (flotte société),N97SJ,ad82e5,DASSAULT AVIATION FALCON 900EX,2024,J M SMUCKER COMPANY (ORRVILLE OH),propriétaire,haute,FAA
SOLV,Solventum,Solventum (flotte société),N610FX,a7ef51,EMBRAER SA EMB-550,2024,ROGER FERRIS & PARTNERS LLC (CLEVELAND OH),copropriétaire,moyenne,FAA (copropriété)
STT,State Street Corporation,State Street Corporation (flotte société),N5262,a6a1d6,BOMBARDIER INC BD-100-1A10,2006,STATE STREET CORP (SHELTON CT),propriétaire,haute,FAA
SYK,Stryker Corporation,Stryker Corporation (flotte société),N421SC,a500e9,DASSAULT AVIATION FALCON 2000EX,2016,STRYKER CORP (PORTAGE MI),propriétaire,haute,FAA
SYK,Stryker Corporation,Stryker Corporation (flotte société),N520SC,a68a81,DASSAULT AVIATION FALCON 2000EX,2017,STRYKER CORP (PORTAGE MI),propriétaire,haute,FAA
SYK,Stryker Corporation,Stryker Corporation (flotte société),N625SC,a82a63,BOMBARDIER INC BD-700-1A11,2014,STRYKER CORP (PORTAGE MI),propriétaire,haute,FAA
SYY,Sysco,Sysco (flotte société),N711QS,a98133,BOMBARDIER INC BD-100-1A10,2026,CIENA CORP (OKLAHOMA CITY OK),copropriétaire,moyenne,FAA (copropriété)
TGT,Target Corporation,Target Corporation (flotte société),N484EM,a5f7e5,IAI LTD GULFSTREAM G280,2018,(masqué par la FAA) ( ),plane-alert-db,moyenne,plane-alert-db + FAA
TXN,Texas Instruments,Texas Instruments (flotte société),N45GX,a5706f,BOMBARDIER INC BD-700-1A10,2011,TEXAS INSTRUMENTS INC (MC KINNEY TX),propriétaire,haute,FAA
TXN,Texas Instruments,Texas Instruments (flotte société),N46GX,a597ee,BOMBARDIER INC BD-700-1A10,2011,TEXAS INSTRUMENTS INC (MC KINNEY TX),propriétaire,haute,FAA
UDR,"UDR, Inc.","UDR, Inc. (flotte société)",N837RE,ab73d7,HAWKER BEECHCRAFT CORP 4000,2010,UDR INC (HIGHLANDS RANCH CO),propriétaire,haute,FAA
V,Visa Inc.,Visa Inc. (flotte société),N358V,a40460,GULFSTREAM AEROSPACE CORP GVI (G650ER),2015,US BANK NA (MARSHALL MN),plane-alert-db,moyenne,plane-alert-db + FAA
VMC,Vulcan Materials Company,Vulcan Materials Company (flotte société),N256RC,a26f42,DASSAULT AVIATION FALCON 2000EX,2021,VULCAN MATERIALS COMPANY (VESTAVIA AL),propriétaire,haute,FAA
VMC,Vulcan Materials Company,Vulcan Materials Company (flotte société),N957RC,ad5022,DASSAULT AVIATION FALCON 900EX,2014,VULCAN MATERIALS CO (BIRMINGHAM AL),propriétaire,haute,FAA
VZ,Verizon,Verizon (flotte société),N74VZ,a9f224,GULFSTREAM AEROSPACE CORP GV-SP (G550),2020,(masqué par la FAA) ( ),plane-alert-db,moyenne,plane-alert-db + FAA
VZ,Verizon,Verizon (flotte société),N76VZ,aa4122,GULFSTREAM AEROSPACE CORP GV-SP (G550),2020,(masqué par la FAA) ( ),plane-alert-db,moyenne,plane-alert-db + FAA
WDAY,"Workday, Inc.","Workday, Inc. (flotte société)",N191MM,a16d01,DASSAULT AVIATION FALCON 7X,2012,WORKDAY INC (PLEASANTON CA),propriétaire,haute,FAA
WMB,Williams Companies,Williams Companies (flotte société),N281WC,a2d3a9,IAI LTD GULFSTREAM G280,2024,WILLIAMS COMPANIES INC (TULSA OK),propriétaire,haute,FAA
WMT,Walmart,Walmart (flotte société),N15DP,a0c82f,TEXTRON AVIATION INC 680,2017,WALMART INC (BENTONVILLE AR),propriétaire,haute,FAA
WMT,Walmart,Walmart (flotte société),N16CP,a0ef95,TEXTRON AVIATION INC 680,2016,WALMART INC (BENTONVILLE AR),propriétaire,haute,FAA
WMT,Walmart,Walmart (flotte société),N17ZP,a11921,TEXTRON AVIATION INC 680,2016,WALMART INC (BENTONVILLE AR),propriétaire,haute,FAA
WMT,Walmart,Walmart (flotte société),N45GH,a57061,LEARJET INC 45,,WALMART INC (BENTONVILLE AR),propriétaire,haute,FAA
WMT,Walmart,Walmart (flotte société),N45HK,a5707c,LEARJET INC 45,2007,WALMART INC (BENTONVILLE AR),propriétaire,haute,FAA
WMT,Walmart,Walmart (flotte société),N986BL,adc192,LEARJET INC 45,,WALMART INC (BENTONVILLE AR),propriétaire,haute,FAA
WYNN,Wynn Resorts,Wynn Resorts (flotte société),N188WR,a16068,GULFSTREAM AEROSPACE CORP GVI (G650ER),2014,TVPX AIRCRAFT SOLUTIONS INC TRUSTEE (NORTH SALT LAKE UT),plane-alert-db,moyenne,plane-alert-db + FAA
WYNN,Wynn Resorts,Wynn Resorts (flotte société),N88WR,ac1d80,GULFSTREAM AEROSPACE CORP GVIII-G700,2025,TVPX AIRCRAFT SOLUTIONS INC TRUSTEE (NORTH SALT LAKE UT),plane-alert-db,moyenne,plane-alert-db + FAA
WYNN,Wynn Resorts,Wynn Resorts (flotte société),N969WR,ad7f99,IAI LTD GULFSTREAM G280,2018,BANK OF UTAH TRUSTEE (SALT LAKE CITY UT),plane-alert-db,moyenne,plane-alert-db + FAA
ZBH,Zimmer Biomet,Zimmer Biomet (flotte société),N355ZB,a3f9a1,BOMBARDIER INC BD-100-1A10,2025,ZIMMER BIOMET LEASING LLC (WARSAW IN),propriétaire,haute,FAA
ZBH,Zimmer Biomet,Zimmer Biomet (flotte société),N650ZB,a88efb,GULFSTREAM AEROSPACE CORP GVI (G650ER),2022,ZIMMER BIOMET LEASING LLC (OXFORD CT),propriétaire,haute,FAA
