groupe,entite,personne_ou_entreprise,immatriculation,hex,modele,annee,proprietaire_faa,confiance,source
watchlist,SpaceX / Tesla / xAI,Elon Musk,N628TS,a835af,Gulfstream G650ER,2015,FALCON LANDING LLC (Hawthorne CA),haute,FAA + plane-alert-db
watchlist,SpaceX / Tesla / xAI,Elon Musk,N272BG,a2ae0a,Gulfstream G550,2007,FALCON LANDING LLC (Hawthorne CA),haute,FAA
watchlist,Alphabet (Google),Google (flotte dirigeants),N10XG,a0046f,Gulfstream G550,2008,BANK OF UTAH TRUSTEE,moyenne,plane-alert-db + FAA (trust)
watchlist,Alphabet (Google),Sergey Brin (co-fondateur),N232G,a21084,Gulfstream G650ER,2018,BANK OF UTAH TRUSTEE,moyenne,plane-alert-db + celebplanes + FAA (trust)
watchlist,Alphabet (Google),Google (flotte dirigeants),N651WE,a8926a,Gulfstream G650ER,2015,(masque par la FAA),moyenne,plane-alert-db
watchlist,Alphabet (Google),Eric Schmidt (ex-CEO),N652WE,a89621,Gulfstream G650ER,2021,(masque par la FAA),moyenne,plane-alert-db
watchlist,Meta,Mark Zuckerberg,N68885,a9247d,Gulfstream G650ER,2021,A7P TRUST CO INC TRUSTEE (Cheyenne WY),moyenne,plane-alert-db + FAA (trust)
watchlist,Meta,Mark Zuckerberg,N3880,a47b5a,Gulfstream G700,2024,A7P TRUST COMPANY INC TRUSTEE (Cheyenne WY),moyenne,plane-alert-db + FAA (trust)
watchlist,Microsoft,Steve Ballmer (ex-CEO),N709DS,a97659,Gulfstream G800,2025,CRUISING ALTITUDE LLC (Seattle WA),moyenne,plane-alert-db + FAA
watchlist,AMD,AMD (copropriete Flexjet),N558FX,a71db6,Bombardier Challenger 350,2020,FLEXJET LLC (AMD co-proprietaire),haute,FAA (fractional)
watchlist,AMD,AMD (copropriete Flexjet),N664FX,a8c3a8,Gulfstream G650ER,2018,PLM SERVICES LLC / Flexjet (AMD co-proprietaire),haute,FAA (fractional)
watchlist,Anduril,Anduril (copropriete NetJets),N894QS,ac559f,Cessna Citation Longitude,2026,NETJETS SALES INC (Anduril co-proprietaire),haute,FAA (fractional)
watchlist,Constellation Energy,Constellation Energy,N482EC,a5f06e,Dassault Falcon 2000EX,2020,CONSTELLATION ENERGY GENERATION LLC,haute,FAA
watchlist,Constellation Energy,Constellation Energy,N484EC,a5f7dc,Dassault Falcon 2000EX,,CONSTELLATION ENERGY GENERATION LLC,haute,FAA
watchlist,Quanta Services,Quanta Services,N282QA,a2d6c8,Gulfstream G280,2014,QUANTA SERVICES INC,haute,FAA
watchlist,Quanta Services,Quanta Services,N283QA,a2da7f,Gulfstream G280,,QUANTA SERVICES INC,haute,FAA
watchlist,SpaceX / Tesla / xAI,Elon Musk,N7628,aa4c66,Gulfstream G700,2025,(masque par la FAA),moyenne,FAA (S/N 87108) + aerocorner
watchlist,SpaceX / Tesla / xAI,Elon Musk,N8628,abd9b5,Gulfstream G800,2026,(masque par la FAA),moyenne,FAA (S/N 88013) + celebplanes + aerocorner
watchlist,SpaceX / Tesla / xAI,SpaceX (navette equipes),N154TS,a0dac5,Boeing 737-800,2002,FALCON AVIATION HOLDINGS LLC (Hawthorne CA),haute,FAA + plane-alert-db + celebplanes
watchlist,SpaceX / Tesla / xAI,Elon Musk,N450GG,a572b9,Gulfstream G450,2007,TVPX AIRCRAFT SOLUTIONS INC TRUSTEE,faible,celebplanes + FAA (trust)
watchlist,Tesla,Kimbal Musk (administrateur Tesla),N831FR,ab5c9e,Gulfstream G600,2021,FREEDOM 105 LLC,faible,celebplanes + FAA
watchlist,Amazon,Jeff Bezos,N11AF,a029e0,Gulfstream G700,2024,(masque par la FAA),moyenne,celebplanes + aerocorner + presse (S/N 87020)
watchlist,Amazon,Jeff Bezos,N756LB,aa314f,Gulfstream G650ER,2019,(masque par la FAA),moyenne,aerocorner (ex-N758PB) + FAA
watchlist,Amazon,Jeff Bezos,N194PJ,a17855,Pilatus PC-24,2020,GUIDRY AVIATION LLC (Breaux Bridge LA),faible,celebplanes + aerocorner + FAA
watchlist,Microsoft,Bill Gates (co-fondateur),N887GV,ac3880,Gulfstream G650ER,2018,MENTE LLC (Seattle WA),moyenne,celebplanes + FAA
watchlist,Alphabet (Google),Larry Page (co-fondateur),N618PB,a80dbd,Gulfstream G650ER,2022,MAURICE JAMES AIRPLANE LLC,moyenne,celebplanes + FAA
watchlist,Alphabet (Google),Google (flotte dirigeants),N904G,ac7e9e,Gulfstream G550,2006,BANK OF UTAH TRUSTEE,moyenne,celebplanes + FAA (trust)
watchlist,NVIDIA,Jensen Huang (affretement VistaJet),9H-VID,4d230d,Bombardier Global 7500,2020,(registre maltais : VistaJet Malta),faible,celebplanes + presse (Taipei 2025) + AirNav (hex)
watchlist,Arm (SoftBank),Masayoshi Son,N302TR,a32879,Gulfstream G650ER,2017,TVPX AIRCRAFT SOLUTIONS INC TRUSTEE,faible,celebplanes + FAA (trust)
autres,Oracle,Larry Ellison,N817GS,ab2404,Gulfstream G650,2014,WING AND A PRAYER INC (Walnut Creek CA),moyenne,plane-alert-db + FAA
autres,Palantir / Founders Fund,Peter Thiel,N878DB,ac145b,Gulfstream G-V SP,2007,THORONDOR LLC (Palo Alto CA),moyenne,plane-alert-db + FAA
autres,Qualcomm,Qualcomm,N880WT,ac1fdb,Gulfstream G800,2025,QUALCOMM INC,haute,FAA
autres,Qualcomm,Qualcomm,N882WT,ac2749,Gulfstream G650ER,2022,QUALCOMM INC,haute,FAA
autres,Micron,Micron Technology,N684MT,a91338,Gulfstream G650ER,2016,MICRON TECHNOLOGY INC,haute,FAA
autres,Micron,Micron Technology,N778MT,aa87e4,Gulfstream G280,2018,MICRON TECHNOLOGY INC,haute,FAA
autres,Micron,Micron Technology,N831MT,ab5d36,Gulfstream G280,2021,MICRON TECHNOLOGY INC,haute,FAA
autres,Texas Instruments,Texas Instruments,N45GX,a5706f,Bombardier Global Express,2011,TEXAS INSTRUMENTS INC,haute,FAA
autres,Texas Instruments,Texas Instruments,N46GX,a597ee,Bombardier Global Express,2011,TEXAS INSTRUMENTS INC,haute,FAA
autres,Citadel,Ken Griffin,N68KP,a901cd,Bombardier Global 6500,2021,WILMINGTON TRUST CO TRUSTEE,moyenne,plane-alert-db + FAA (trust)
autres,Citadel,Ken Griffin,N302AK,a326ca,Bombardier Global 6000,2012,TVPX AIRCRAFT SOLUTIONS INC TRUSTEE,moyenne,plane-alert-db + FAA (trust)
autres,Bloomberg LP,Michael Bloomberg,N47EG,a5bf2c,Dassault Falcon 900EX,2018,WING AND ROTOR TRANSPORTATION HOLDINGS LLC,moyenne,plane-alert-db + FAA
sp500,AbbVie,AbbVie (flotte société),N554AV,a70e5b,GULFSTREAM AEROSPACE CORP GVII-G600,2020,(masqué par la FAA) ( ),moyenne,plane-alert-db + FAA
sp500,Abbott Laboratories,Abbott Laboratories (flotte société),N100AL,a004bf,GULFSTREAM AEROSPACE CORP GVI (G650ER),2020,(masqué par la FAA) ( ),moyenne,plane-alert-db + FAA
sp500,Abbott Laboratories,Abbott Laboratories (flotte société),N550AL,a6ff76,GULFSTREAM AEROSPACE GV-SP (G550),2013,(masqué par la FAA) ( ),moyenne,plane-alert-db + FAA
sp500,Abbott Laboratories,Abbott Laboratories (flotte société),N900AL,ac6f37,GULFSTREAM AEROSPACE GV-SP (G550),2014,TVPX AIRCRAFT SOLUTIONS INC TRUSTEE (NORTH SALT LAKE UT),moyenne,plane-alert-db + FAA
sp500,Adobe Inc.,Adobe Inc. (flotte société),N82123,ab374c,GULFSTREAM AEROSPACE CORP GVI (G650ER),2018,BANK OF UTAH TRUSTEE (SALT LAKE CITY UT),moyenne,plane-alert-db + FAA
sp500,Autodesk,Autodesk (flotte société),N288QS,a2ed22,EMBRAER S A EMB-545,2026,ARCFLIGHT LLC (OKLAHOMA CITY OK),moyenne,FAA (copropriété)
sp500,AES Corporation,AES Corporation (flotte société),N71F,a97a31,CESSNA 525B,2005,AES AVIATION LLC (YORKTOWN VA),haute,FAA
sp500,Aflac,Aflac (flotte société),N280AF,a2ce01,IAI LTD GULFSTREAM G280,2017,AFLAC INC (COLUMBUS GA),haute,FAA
sp500,Aflac,Aflac (flotte société),N285AF,a2e094,IAI LTD GULFSTREAM G280,2018,AFLAC INC (COLUMBUS GA),haute,FAA
sp500,Ameriprise Financial,Ameriprise Financial (flotte société),N612AF,a7f632,GULFSTREAM AEROSPACE GIV-X (G450),2006,AMERIPRISE FINANCIAL INC (OXFORD CT),haute,FAA
sp500,Ameriprise Financial,Ameriprise Financial (flotte société),N616AF,a8050e,GULFSTREAM AEROSPACE GV-SP (G550),2010,AMERIPRISE FINANCIAL INC (OXFORD CT),haute,FAA
sp500,A. O. Smith,A. O. Smith (flotte société),N25ZG,a2576b,BOMBARDIER INC CL-600-2B16,2002,A O SMITH CORP (MILWAUKEE WI),haute,FAA
sp500,APA Corporation,APA Corporation (flotte société),N26HH,a27d5b,CESSNA 550,1981,APA AVIATION LLC (GAINESVILLE FL),haute,FAA
sp500,Amphenol,Amphenol (flotte société),N289QS,a2f0d9,EMBRAER S A EMB-545,2026,AMPHENOL CORP (OKLAHOMA CITY OK),haute,FAA
sp500,Axon Enterprise,Axon Enterprise (flotte société),N332FX,a39dd0,EMBRAER S A EMB-545,2023,PINTO MARC (CLEVELAND OH),moyenne,FAA (copropriété)
sp500,American Express,American Express (flotte société),N650GB,a88d52,GULFSTREAM AEROSPACE CORP GVI (G650ER),2018,AMERICAN EXPRESS TRAVEL RELATED SERVICES CO INC (NEWBURGH NY),haute,plane-alert-db + FAA
sp500,Bank of America,Bank of America (flotte société),N228BA,a1fed3,IAI LTD GULFSTREAM G280,2016,(masqué par la FAA) ( ),moyenne,plane-alert-db + FAA
sp500,Bank of America,Bank of America (flotte société),N285BA,a2e0a8,IAI LTD GULFSTREAM G280,2016,BANK OF UTAH TRUSTEE (SALT LAKE CITY UT),haute,plane-alert-db + FAA
sp500,Bank of America,Bank of America (flotte société),N676BA,a8f21c,GULFSTREAM AEROSPACE CORP GVII-G600,2023,(masqué par la FAA) ( ),moyenne,plane-alert-db + FAA
sp500,Ball Corporation,Ball Corporation (flotte société),N400BC,a4acbd,BOMBARDIER INC BD-700-1A10,2013,BALL CORP (BROOMFIELD CO),haute,FAA
sp500,Brown & Brown,Brown & Brown (flotte société),N394BB,a491c0,TEXTRON AVIATION INC 560XL,2019,BROWN & BROWN INC (DAYTONA BEACH FL),haute,FAA
sp500,Brown & Brown,Brown & Brown (flotte société),N396BB,a4992e,CESSNA 680,2007,BROWN & BROWN INC (DAYTONA BEACH FL),haute,FAA
sp500,Citigroup,Citigroup (flotte société),N1812C,a14704,GULFSTREAM AEROSPACE CORP GVII-G600,2024,(masqué par la FAA) ( ),moyenne,plane-alert-db + FAA
sp500,Caterpillar Inc.,Caterpillar Inc. (flotte société),N175CT,a12c04,GULFSTREAM AEROSPACE CORP GVII-G500,2024,CATERPILLAR INC (FORT WORTH TX),haute,FAA
sp500,Caterpillar Inc.,Caterpillar Inc. (flotte société),N797CT,aad24a,BOMBARDIER INC BD-700-1A10,2012,CATERPILLAR INC (FORT WORTH TX),haute,FAA
sp500,Ciena,Ciena (flotte société),N711QS,a98133,BOMBARDIER INC BD-100-1A10,2026,CIENA CORP (OKLAHOMA CITY OK),haute,FAA
sp500,Clorox,Clorox (flotte société),N204QS,a1a24e,BOMBARDIER INC CL-600-2B16,2025,ENZO AIR LLC (OKLAHOMA CITY OK),moyenne,FAA (copropriété)
sp500,Comcast,Comcast (flotte société),N63XF,a83d76,GULFSTREAM AEROSPACE CORP GVI (G650ER),2020,TVPX AIRCRAFT SOLUTIONS INC TRUSTEE (NORTH SALT LAKE UT),moyenne,plane-alert-db + FAA
sp500,Cummins,Cummins (flotte société),N281CE,a2d1e9,IAI LTD GULFSTREAM G280,2022,CUMMINS INC (COLUMBUS IN),haute,FAA
sp500,Cummins,Cummins (flotte société),N282CE,a2d5a0,IAI LTD GULFSTREAM G280,2023,CUMMINS INC (COLUMBUS IN),haute,FAA
sp500,Cummins,Cummins (flotte société),N283CE,a2d957,IAI LTD GULFSTREAM G280,2021,CUMMINS INC (COLUMBUS IN),haute,FAA
sp500,Cummins,Cummins (flotte société),N804CE,aaf0f0,EMBRAER EMB-145XR,2012,CUMMINS INC (COLUMBUS IN),haute,FAA
sp500,CenterPoint Energy,CenterPoint Energy (flotte société),N102CE,a00c59,BOMBARDIER INC BD-100-1A10,2020,CENTERPOINT ENERGY SERVICE CO LLC (HOUSTON TX),haute,FAA
sp500,Capital One,Capital One (flotte société),N595FX,a7b08d,BOMBARDIER INC BD-100-1A10,2019,FLEXJET LLC (CLEVELAND OH),moyenne,FAA (copropriété)
sp500,Coherent Corp.,Coherent Corp. (flotte société),N660FX,a8b4cc,GULFSTREAM AEROSPACE CORP GVI (G650ER),2016,FLEXJET LLC (CLEVELAND OH),moyenne,FAA (copropriété)
sp500,Cooper Companies (The),Cooper Companies (The) (flotte société),N881RC,ac2306,CESSNA 525,2007,COOPER COMPANIES INC (SCOTTSDALE AZ),haute,FAA
sp500,ConocoPhillips,ConocoPhillips (flotte société),N284CP,a2dd17,EMBRAER EMB-145XR,2013,CONOCOPHILLIPS CO (HOUSTON TX),haute,FAA
sp500,ConocoPhillips,ConocoPhillips (flotte société),N793CP,aac36a,GULFSTREAM AEROSPACE CORP GVII-G600,2023,CONOCOPHILLIPS COMPANY (HOUSTON TX),haute,FAA
sp500,ConocoPhillips,ConocoPhillips (flotte société),N795CP,aacad8,GULFSTREAM AEROSPACE CORP GVII-G600,2024,CONOCOPHILLIPS CO (HOUSTON TX),haute,FAA
sp500,ConocoPhillips,ConocoPhillips (flotte société),N797CP,aad246,GULFSTREAM AEROSPACE CORP GVII-G500,2025,CONOCOPHILLIPS CO (HOUSTON TX),haute,FAA
sp500,Copart,Copart (flotte société),N220FX,a1e194,BOMBARDIER INC BD-100-1A10,2025,JSA INVESTMENTS LLC (CLEVELAND OH),moyenne,FAA (copropriété)
sp500,Copart,Copart (flotte société),N394WJ,a493a2,BOMBARDIER INC BD-700-1A10,2007,TVPX AIRCRAFT SOLUTIONS INC TRUSTEE (NORTH SALT LAKE UT),moyenne,plane-alert-db + FAA
sp500,Copart,Copart (flotte société),N516FX,a6784c,BOMBARDIER INC BD-100-1A10,2024,C VIEW LLC (CLEVELAND OH),moyenne,FAA (copropriété)
sp500,Salesforce,Marc Benioff,N650HA,a88d6a,GULFSTREAM AEROSPACE CORP GVI (G650ER),2019,(masqué par la FAA) ( ),moyenne,plane-alert-db + FAA
sp500,Chevron Corporation,Chevron Corporation (flotte société),N1876P,a15de5,GULFSTREAM AEROSPACE CORP GVI (G650ER),2019,CHEVRON U S A INC (SUGAR LAND TX),haute,plane-alert-db + FAA
sp500,Chevron Corporation,Chevron Corporation (flotte société),N1895T,a16534,GULFSTREAM AEROSPACE CORP GVI (G650ER),2018,CHEVRON U S A INC (SUGAR LAND TX),haute,plane-alert-db + FAA
sp500,Chevron Corporation,Chevron Corporation (flotte société),N1901G,a16aad,GULFSTREAM AEROSPACE CORP GVI (G650ER),2017,CHEVRON U S A INC (SUGAR LAND TX),haute,plane-alert-db + FAA
sp500,Chevron Corporation,Chevron Corporation (flotte société),N884GL,ac2d52,EMBRAER SA EMB-550,2020,CHEVRON USA INC (SUGAR LAND TX),haute,FAA
sp500,Dominion Energy,Dominion Energy (flotte société),N604D,a7d666,IAI LTD GULFSTREAM G280,2014,DOMINION ENERGY SERVICES INC (RICHMOND VA),haute,FAA
sp500,Dominion Energy,Dominion Energy (flotte société),N607D,a7e18b,GULFSTREAM AEROSPACE GIV-X (G450),2017,DOMINION ENERGY SERVICES INC (RICHMOND VA),haute,FAA
sp500,DuPont,DuPont (flotte société),N581D,a779ea,GULFSTREAM AEROSPACE GV-SP (G550),2011,WILMINGTON TRUST CO TRUSTEE (WILMINGTON DE),moyenne,plane-alert-db + FAA
sp500,Dollar General,Dollar General (flotte société),N855DG,abba3d,DASSAULT FALCON 2000EX,2006,DOLLAR GENERAL CORP (GOODLETTSVILLE TN),haute,FAA
sp500,Quest Diagnostics,Quest Diagnostics (flotte société),N288DX,a2ec14,EMBRAER-EMPRESA BRASILEIRA DE EMB-500,2010,QUEST DIAGNOSTICS CLINICAL LABORATORIES INC (READING PA),haute,plane-alert-db + FAA
sp500,Quest Diagnostics,Quest Diagnostics (flotte société),N648DX,a88354,EMBRAER-EMPRESA BRASILEIRA DE EMB-500,2010,QUEST DIAGNOSTICS CLINICAL LABORATORIES INC (READING PA),haute,plane-alert-db + FAA
sp500,Quest Diagnostics,Quest Diagnostics (flotte société),N899DX,ac6724,EMBRAER-EMPRESA BRASILEIRA DE EMB-500,2010,QUEST DIAGNOSTICS CLINICAL LABORATORIES INC (READING PA),haute,plane-alert-db + FAA
sp500,Everest Group,Everest Group (flotte société),N343FX,a3c906,EMBRAER S A EMB-545,2023,FLEXJET LLC (CLEVELAND OH),moyenne,FAA (copropriété)
sp500,FedEx Freight,FedEx Freight (flotte société),N21FE,a1b7ab,BOMBARDIER INC BD-100-1A10,2012,FEDEX FREIGHT INC (MEMPHIS TN),haute,FAA
sp500,FedEx Freight,FedEx Freight (flotte société),N39FE,a480f2,BOMBARDIER INC BD-100-1A10,2013,FEDEX FREIGHT INC (MEMPHIS TN),haute,FAA
sp500,General Dynamics,General Dynamics (flotte société),N280GD,a2ce95,IAI LTD GULFSTREAM G280,2010,GENERAL DYNAMICS ORDNANCE AND TACTICAL SYSTEMS INC (SAINT PETERSBURG FL),haute,plane-alert-db + FAA
sp500,General Dynamics,General Dynamics (flotte société),N585G,a78911,GULFSTREAM AEROSPACE CORP GVII-G500,2022,GENERAL DYNAMICS CORP (RESTON VA),haute,FAA
sp500,General Dynamics,General Dynamics (flotte société),N586G,a78cc8,GULFSTREAM AEROSPACE CORP GVII-G500,2022,GENERAL DYNAMICS CORP (RESTON VA),haute,FAA
sp500,General Dynamics,General Dynamics (flotte société),N587G,a7907f,GULFSTREAM AEROSPACE CORP GVII-G500,2022,GENERAL DYNAMICS CORP (RESTON VA),haute,FAA
sp500,General Dynamics,General Dynamics (flotte société),N628G,a8348b,IAI LTD GULFSTREAM G280,2016,GENERAL DYNAMICS MISSION SYSTEMS INC (FAIRFAX VA),haute,plane-alert-db + FAA
sp500,GE Vernova,GE Vernova (flotte société),N101FX,a008fe,GULFSTREAM AEROSPACE CORP GVIII-G700,2024,IRB HOLDING CORP (CLEVELAND OH),moyenne,FAA (copropriété)
sp500,Corning Inc.,Corning Inc. (flotte société),N18CG,a13e8c,DASSAULT AVIATION FALCON 900EX,2009,CORNING INC (CORNING NY),haute,FAA
sp500,Corning Inc.,Corning Inc. (flotte société),N28CG,a2cbdb,BOMBARDIER INC CL-600-2B19,2007,CORNING INC (CORNING NY),haute,FAA
sp500,Corning Inc.,Corning Inc. (flotte société),N295ML,a3092b,TEXTRON AVIATION INC 525,2019,CORNING COMPANIES LLC (BILLINGS MT),haute,FAA
sp500,Corning Inc.,Corning Inc. (flotte société),N38CG,a4592a,BOMBARDIER INC CL-600-2B19,2008,CORNING INC (CORNING NY),haute,FAA
sp500,Corning Inc.,Corning Inc. (flotte société),N48CG,a5e679,DASSAULT AVIATION FALCON 900EX,2008,CORNING INC (CORNING NY),haute,FAA
sp500,Corning Inc.,Corning Inc. (flotte société),N58CG,a773c8,DASSAULT FALCON 900 EX,2015,CORNING INC (CORNING NY),haute,FAA
sp500,Corning Inc.,Corning Inc. (flotte société),N788CG,aaae77,BOMBARDIER INC CL-600-2B19,2009,CORNING INC (CORNING NY),haute,FAA
sp500,Genuine Parts Company,Genuine Parts Company (flotte société),N28GP,a2cc46,IAI LTD GULFSTREAM G280,2015,GENUINE PARTS CO (ATLANTA GA),haute,FAA
sp500,Global Payments,Global Payments (flotte société),N183TS,a14d8b,EMBRAER SA EMB-550,2018,PINNACLE BANK (COLUMBUS GA),moyenne,FAA (copropriété)
sp500,Global Payments,Global Payments (flotte société),N288SF,a2ed49,EMBRAER SA EMB-550,2018,PINNACLE BANK (COLUMBUS GA),moyenne,FAA (copropriété)
sp500,Global Payments,Global Payments (flotte société),N794BC,aac6fd,EMBRAER S A EMB-545,2018,PINNACLE BANK (COLUMBUS GA),moyenne,FAA (copropriété)
sp500,Garmin,Garmin (flotte société),N300WB,a32148,CESSNA 560,1994,GARMIN INTERNATIONAL INC (OLATHE KS),haute,FAA
sp500,Garmin,Garmin (flotte société),N78XL,aa9045,CESSNA 560XL,2005,GARMIN INTERNATIONAL INC (OLATHE KS),haute,FAA
sp500,Garmin,Garmin (flotte société),N820UT,ab32af,CESSNA 510,2011,GARMIN INTERNATIONAL INC (OLATHE KS),haute,FAA
sp500,Garmin,Garmin (flotte société),N888GL,ac3c2e,CESSNA 525A,2004,GARMIN INTERNATIONAL INC (OLATHE KS),haute,FAA
sp500,Huntington Bancshares,Huntington Bancshares (flotte société),N8CB,aadd5f,BOMBARDIER INC BD-100-1A10,2024,HUNTINGTON BANCSHARES INC (COLUMBUS OH),haute,FAA
sp500,Honeywell Aerospace,Honeywell Aerospace (flotte société),N889H,ac3ff3,DASSAULT AVIATION FALCON 900EX,2004,HONEYWELL AEROSPACE US LLC (PHOENI AZ),haute,FAA
sp500,Honeywell Aerospace,Honeywell Aerospace (flotte société),N933H,acf17d,GULFSTREAM AEROSPACE GV-SP (G550),2005,HONEYWELL AEROSPACE US LLC (PHOENIX AZ),haute,FAA
sp500,HP Inc.,HP Inc. (flotte société),N222VR,a1ea5a,CESSNA 525B,2007,HP TRANSPORTATION LLC (PHOENIX AZ),haute,FAA
sp500,HP Inc.,HP Inc. (flotte société),N592FX,a7a568,BOMBARDIER INC BD-100-1A10,,FLEXJET LLC (CLEVELAND OH),moyenne,FAA (copropriété)
sp500,HP Inc.,HP Inc. (flotte société),N7SB,a9516e,CESSNA 750,2003,HP AVIATION SERVICES LLC (WINTER GARDEN FL),haute,FAA
sp500,Hormel Foods,Hormel Foods (flotte société),N198HF,a18698,IAI LTD GULFSTREAM G280,2019,HORMEL FOODS CORPORATE SERVICES LLC (AUSTIN MN),haute,FAA
sp500,Hormel Foods,Hormel Foods (flotte société),N199HF,a18a4f,IAI LTD GULFSTREAM G280,2014,HORMEL FOODS CORPORATE SERVICES LLC (AUSTIN MN),haute,FAA
sp500,Humana,Humana (flotte société),N733A,a9d630,DASSAULT FALCON 2000EX,2011,HUMANA INC (LOUISVILLE KY),haute,FAA
sp500,Humana,Humana (flotte société),N733H,a9d6df,DASSAULT AVIATION FALCON 2000EX,2010,HUMANA INC (LOUISVILLE KY),haute,FAA
sp500,Humana,Humana (flotte société),N733K,a9d711,DASSAULT AVIATION FALCON 2000EX,2016,HUMANA INC (LOUISVILLE KY),haute,FAA
sp500,IBM,IBM (flotte société),N780RW,aa9212,GULFSTREAM AEROSPACE CORP GVI (G650ER),2020,BANC OF AMERICA LEASING & CAPITAL LLC (PROVIDENCE RI),moyenne,plane-alert-db + FAA
sp500,IBM,IBM (flotte société),N780TW,aa9244,GULFSTREAM AEROSPACE CORP GVI (G650ER),2020,INTERNATIONAL BUSINESS MACHINES CORP (ARMONK NY),haute,FAA
sp500,Intercontinental Exchange,Intercontinental Exchange (flotte société),N231CE,a20c6e,GULFSTREAM AEROSPACE GV-SP (G550),2009,TVPX ARS INC TRUSTEE (NORTH SALT LAKE UT),moyenne,plane-alert-db + FAA
sp500,IDEX Corporation,IDEX Corporation (flotte société),N414QS,a4e46b,EMBRAER EXECUTIVE AIRCRAFT INC EMB-505,2017,NETJETS SALES INC (OKLAHOMA CITY OK),moyenne,FAA (copropriété)
sp500,International Paper,International Paper (flotte société),N496QS,a627d1,EMBRAER EXECUTIVE AIRCRAFT INC EMB-505,2025,BJ'S WHOLESALE CLUB INC (OKLAHOMA CITY OK),moyenne,FAA (copropriété)
sp500,Ingersoll Rand,Ingersoll Rand (flotte société),N2291R,a204fb,GULFSTREAM AEROSPACE GV-SP (G550),2017,INGERSOLL RAND INC (DAVIDSON NC),haute,FAA
sp500,Jack Henry & Associates,Jack Henry & Associates (flotte société),N780JH,aa9156,EMBRAER S A EMB-545,2025,JACK HENRY & ASSOCIATES INC (MONETT MO),haute,FAA
sp500,Jack Henry & Associates,Jack Henry & Associates (flotte société),N894JH,ac5500,EMBRAER EXECUTIVE AIRCRAFT INC EMB-505,2013,JACK HENRY & ASSOCIATES INC (MONETT MO),haute,FAA
sp500,Jack Henry & Associates,Jack Henry & Associates (flotte société),N895JH,ac58b7,EMBRAER EXECUTIVE AIRCRAFT INC EMB-505,2013,JACK HENRY AND ASSOCIATES INC (MONETT MO),haute,FAA
sp500,Johnson & Johnson,Johnson & Johnson (flotte société),N1930J,a175b1,TEXTRON AVIATION INC 680,2015,JOHNSON & JOHNSON AVIATION LLC (WILMINGTON DE),haute,FAA
sp500,Johnson & Johnson,Johnson & Johnson (flotte société),N30QJ,a31e60,GULFSTREAM AEROSPACE CORP GVII-G600,2023,JOHNSON & JOHNSON (NEW BRUNSWICK NJ),haute,FAA
sp500,Johnson & Johnson,Johnson & Johnson (flotte société),N400J,a4ad69,GULFSTREAM AEROSPACE CORP GVI (G650ER),2018,JOHNSON & JOHNSON FINANCE CORP (NEW BRUNSWICK NJ),haute,plane-alert-db + FAA
sp500,Johnson & Johnson,Johnson & Johnson (flotte société),N60QJ,a7c64d,GULFSTREAM AEROSPACE CORP GVII-G600,2023,JOHNSON & JOHNSON (NEW BRUNSWICK NJ),haute,FAA
sp500,Johnson & Johnson,Johnson & Johnson (flotte société),N800J,aae2a5,GULFSTREAM AEROSPACE CORP GVI (G650ER),2018,JOHNSON & JOHNSON FINANCE CORP (NEW BRUNSWICK NJ),haute,plane-alert-db + FAA
sp500,Coca-Cola Company (The),Coca-Cola Company (The) (flotte société),N886RW,ac35ab,GULFSTREAM AEROSPACE CORP GVII-G600,2019,BANK OF UTAH TRUSTEE (SALT LAKE CITY UT),moyenne,plane-alert-db + FAA
sp500,Kroger,Kroger (flotte société),N300KC,a32036,BOMBARDIER INC BD-100-1A10,2012,KROGER CO (CINCINNATI OH),haute,FAA
sp500,Kroger,Kroger (flotte société),N302KC,a327a4,BOMBARDIER INC BD-100-1A10,2013,KROGER CO (CINCINNATI OH),haute,FAA
sp500,Kroger,Kroger (flotte société),N304KC,a32f12,BOMBARDIER INC BD-100-1A10,2013,KROGER CO (CINCINNATI OH),haute,FAA
sp500,Leidos,Leidos (flotte société),N618CR,a80cb8,BOMBARDIER INC CL-600-2B16,2001,LEIDOS INC (RESTON VA),haute,FAA
sp500,Labcorp,Labcorp (flotte société),N108DB,a022b9,GULFSTREAM AEROSPACE CORP GVII-G600,2019,TVPX AIRCRAFT SOLUTIONS INC TRUSTEE (NORTH SALT LAKE UT),moyenne,plane-alert-db + FAA
sp500,Labcorp,Labcorp (flotte société),N517LH,a67c72,PILATUS AIRCRAFT LTD PC-24,2019,LABORATORY CORPORATION OF AMERICA HOLDINGS (BURLINGTON NC),haute,FAA
sp500,Lockheed Martin,Lockheed Martin (flotte société),N344RS,a3cdb2,GULFSTREAM AEROSPACE GV-SP (G550),2013,U S BANK NA TRUSTEE (HARTFORD CT),moyenne,plane-alert-db + FAA
sp500,Lockheed Martin,Lockheed Martin (flotte société),N359GS,a406e3,IAI LTD GULFSTREAM G280,2017,US BANK NA TRUSTEE (HARTFORD CT),moyenne,plane-alert-db + FAA
sp500,Lockheed Martin,Lockheed Martin (flotte société),N650VC,a88e98,GULFSTREAM AEROSPACE CORP GVI (G650ER),2016,U S BANK NA TRUSTEE (HARTFORD CT),moyenne,plane-alert-db + FAA
sp500,Lowe's,Lowe's (flotte société),N33LC,a39473,GULFSTREAM AEROSPACE CORP GVII-G500,2020,(masqué par la FAA) ( ),moyenne,plane-alert-db + FAA
sp500,Las Vegas Sands,Las Vegas Sands (flotte société),N336LS,a3ad24,GULFSTREAM AEROSPACE GV-SP (G550),2000,LAS VEGAS SANDS CORP (LAS VEGAS NV),haute,FAA
sp500,Las Vegas Sands,Las Vegas Sands (flotte société),N337LS,a3b0db,GULFSTREAM AEROSPACE GV-SP (G550),2007,LAS VEGAS SANDS CORP (LAS VEGAS NV),haute,FAA
sp500,Las Vegas Sands,Las Vegas Sands (flotte société),N338LS,a3b492,GULFSTREAM AEROSPACE GV-SP (G550),2000,LAS VEGAS SANDS CORP (LAS VEGAS NV),haute,FAA
sp500,Las Vegas Sands,Las Vegas Sands (flotte société),N339LS,a3b849,GULFSTREAM AEROSPACE GV-SP (G550),2007,LAS VEGAS SANDS CORP (LAS VEGAS NV),haute,FAA
sp500,Las Vegas Sands,Las Vegas Sands (flotte société),N885LS,ac3173,BOEING 737-7EL,2001,LAS VEGAS SANDS CORP (LAS VEGAS NV),haute,FAA
sp500,Las Vegas Sands,Las Vegas Sands (flotte société),N889LS,ac404f,BOEING 737-73T,1999,LAS VEGAS SANDS CORP (LAS VEGAS NV),haute,FAA
sp500,Martin Marietta Materials,Martin Marietta Materials (flotte société),N404MM,a4bc9c,IAI LTD GULFSTREAM G280,2022,MARTIN MARIETTA MATERIALS INC (RALEIGH NC),haute,FAA
sp500,3M,3M (flotte société),N93M,ace463,GULFSTREAM AEROSPACE CORP GVI (G650ER),2018,TVPX AIRCRAFT SOLUTIONS INC TRUSTEE (NORTH SALT LAKE UT),moyenne,plane-alert-db + FAA
sp500,Marathon Petroleum,Marathon Petroleum (flotte société),N422MP,a5042e,BOMBARDIER INC BD-100-1A10,2013,TVPX AIRCRAFT SOLUTIONS INC TRUSTEE (NORTH SALT LAKE UT),moyenne,plane-alert-db + FAA
sp500,Motorola Solutions,Motorola Solutions (flotte société),N513FX,a66d27,BOMBARDIER INC BD-100-1A10,2024,MOTOROLA SOLUTIONS INC (CLEVELAND OH),haute,FAA
sp500,Netflix,Netflix (flotte société),N533GV,a6bc3c,GULFSTREAM AEROSPACE GV-SP (G550),2011,WILMINGTON TRUST CO TRUSTEE (WILMINGTON DE),moyenne,plane-alert-db + FAA
sp500,NiSource,NiSource (flotte société),N714CG,a98b22,BOMBARDIER INC BD-100-1A10,2020,NISOURCE CORPORATE SERVICES CO (COLUMBUS OH),haute,FAA
sp500,"Nike, Inc.","Nike, Inc. (flotte société)",N1972,a184ca,GULFSTREAM AEROSPACE CORP GVI (G650ER),2019,NIKE INC (HILLSBORO OR),haute,FAA
sp500,"Nike, Inc.","Nike, Inc. (flotte société)",N3546,a3f6d3,GULFSTREAM AEROSPACE CORP GVI (G650ER),2022,NIKE INC (HILLSBORO OR),haute,FAA
sp500,"Nike, Inc.","Nike, Inc. (flotte société)",N6453,a87a8f,GULFSTREAM AEROSPACE CORP GVI (G650),2014,TVPX AIRCRAFT SOLUTIONS INC OWNER TRUSTEE (NORTH SALT LAKE UT),moyenne,plane-alert-db + FAA
sp500,Northrop Grumman,Northrop Grumman (flotte société),N23NG,a2075a,CESSNA 680,2014,NORTHROP GRUMMAN SYSTEMS CORP (EL SEGUNDO CA),haute,plane-alert-db + FAA
sp500,Northrop Grumman,Northrop Grumman (flotte société),N37NG,a432a5,GULFSTREAM AEROSPACE GV-SP (G550),2018,NORTHROP GRUMMAN SYSTEMS CORP (EL SEGUNDO CA),haute,plane-alert-db + FAA
sp500,Northrop Grumman,Northrop Grumman (flotte société),N38NG,a45a24,GULFSTREAM AEROSPACE GV-SP (G550),2015,NORTHROP GRUMMAN SYSTEMS CORP (EL SEGUNDO CA),haute,plane-alert-db + FAA
sp500,Northrop Grumman,Northrop Grumman (flotte société),N99NG,add17d,GULFSTREAM AEROSPACE G-V,1998,NORTHROP GRUMMAN SYSTEMS CORP (EL SEGUNDO CA),haute,plane-alert-db + FAA
sp500,Nucor,Nucor (flotte société),N750JT,aa1ae3,CESSNA 750,2009,NUCOR CORP (CHARLOTTE NC),haute,FAA
sp500,Nucor,Nucor (flotte société),N940JF,ad0df6,TEXTRON AVIATION INC 680A,2016,NUCOR CORP (CHARLOTTE NC),haute,FAA
sp500,Nucor,Nucor (flotte société),N980JF,adabf2,TEXTRON AVIATION INC 680A,2017,NUCOR CORP (CHARLOTTE NC),haute,FAA
sp500,Oneok,Oneok (flotte société),N300KE,a32038,BOMBARDIER INC BD-100-1A10,2011,ONEOK INC (TULSA OK),haute,FAA
sp500,Oneok,Oneok (flotte société),N310KE,a347b7,BOMBARDIER INC BD-100-1A10,2024,ONEOK INC (TULSA OK),haute,FAA
sp500,Paccar,Paccar (flotte société),N370D,a43416,IAI LTD GULFSTREAM G280,2025,PACCAR INC (SEATAC WA),haute,FAA
sp500,Paccar,Paccar (flotte société),N701P,a9598a,DASSAULT AVIATION MYSTERE-FALCON 50,2000,PACCAR INC (SEATAC WA),haute,FAA
sp500,Paccar,Paccar (flotte société),N706P,a96c1d,DASSAULT AVIATION MYSTERE-FALCON 50,2001,PACCAR INC (SEATAC WA),haute,FAA
sp500,Paccar,Paccar (flotte société),N880T,ac1f7e,IAI LTD GULFSTREAM G280,2025,PACCAR INC (SEATAC WA),haute,FAA
sp500,Pfizer,Pfizer (flotte société),N3CP,a31ae0,GULFSTREAM AEROSPACE CORP GVIII-G800,2024,(masqué par la FAA) ( ),moyenne,plane-alert-db + FAA
sp500,Pfizer,Pfizer (flotte société),N4CP,a4a82f,GULFSTREAM AEROSPACE CORP GVIII-G800,2025,(masqué par la FAA) ( ),moyenne,plane-alert-db + FAA
sp500,Pfizer,Pfizer (flotte société),N6CP,a7c2cd,GULFSTREAM AEROSPACE CORP GVI (G650ER),2018,(masqué par la FAA) ( ),moyenne,plane-alert-db + FAA
sp500,Procter & Gamble,Procter & Gamble (flotte société),N1PG,a0014e,GULFSTREAM AEROSPACE CORP GVI (G650ER),2017,PROCTER & GAMBLE LEASING LLC (CINCINNATI OH),haute,FAA
sp500,Procter & Gamble,Procter & Gamble (flotte société),N2PG,a18e9d,GULFSTREAM AEROSPACE CORP GVI (G650ER),2017,PROCTER & GAMBLE LEASING LLC (CINCINNATI OH),haute,FAA
sp500,Procter & Gamble,Procter & Gamble (flotte société),N5PG,a6368a,GULFSTREAM AEROSPACE CORP GVII-G500,2025,PROCTER & GAMBLE LEASING LLC (CINCINNATI OH),haute,FAA
sp500,Procter & Gamble,Procter & Gamble (flotte société),N6PG,a7c3d9,GULFSTREAM AEROSPACE CORP GVII-G500,2025,PROCTER & GAMBLE LEASING LLC (CINCINNATI OH),haute,FAA
sp500,Procter & Gamble,Procter & Gamble (flotte société),N7PG,a95128,BOMBARDIER INC BD-100-1A10,2014,TVPX AIRCRAFT SOLUTIONS INC TRUSTEE (NORTH SALT LAKE UT),moyenne,plane-alert-db + FAA
sp500,PNC Financial Services,PNC Financial Services (flotte société),N412DL,a4dbe4,BOMBARDIER INC BD-100-1A10,2024,PNC FINANCIAL SERVICES GROUP INC (PITTSBURGH PA),haute,FAA
sp500,PNC Financial Services,PNC Financial Services (flotte société),N513DL,a66cea,BOMBARDIER INC BD-700-1A11,2017,PNC FINANCIAL SERVICES GROUP INC (PITTSBURGH PA),haute,FAA
sp500,PNC Financial Services,PNC Financial Services (flotte société),N545DL,a6ead5,BOMBARDIER INC BD-100-1A10,2025,PNC FINANCIAL SERVICES GROUP INC (PITTSBURGH PA),haute,FAA
sp500,PNC Financial Services,PNC Financial Services (flotte société),N852DL,abaf1c,BOMBARDIER INC BD-100-1A10,2020,PNC FINANCIAL SERVICES GROUP INC (PITTSBURGH PA),haute,FAA
sp500,Pentair,Pentair (flotte société),N211WG,a1bf34,DASSAULT AVIATION MYSTERE FALCON 900,2006,PENTAIR LLC (PALMETTO FL),haute,FAA
sp500,PPG Industries,PPG Industries (flotte société),N827GA,ab4b73,GULFSTREAM AEROSPACE G-IV,1999,PPG INDUSTRIES INC (WEST MIFFLIN PA),haute,FAA
sp500,PPG Industries,PPG Industries (flotte société),N857GA,abc1f0,GULFSTREAM AEROSPACE CORP GV-SP (G550),2019,PPG INDUSTRIES INC (WEST MIFFLIN PA),haute,FAA
sp500,PPL Corporation,PPL Corporation (flotte société),N684QS,a91382,TEXTRON AVIATION INC 680A,2019,LHM INVESTMENTS LLC (OKLAHOMA CITY OK),moyenne,FAA (copropriété)
sp500,PTC Inc.,PTC Inc. (flotte société),N552SC,a7086c,CESSNA 560XL,2001,PTC AVIATION LLC (NORTHPORT AL),haute,FAA
sp500,PayPal,PayPal (flotte société),N4050,a4c18c,GULFSTREAM AEROSPACE CORP GVI (G650ER),2019,(masqué par la FAA) ( ),moyenne,plane-alert-db + FAA
sp500,Regeneron Pharmaceuticals,Regeneron Pharmaceuticals (flotte société),N459FX,a5941e,GULFSTREAM AEROSPACE GIV-X (G450),2013,DAB-JAB AIR LLC (CLEVELAND OH),moyenne,FAA (copropriété)
sp500,ResMed|,ResMed| (flotte société),N539CA,a6d20f,DASSAULT AVIATION FALCON 900EX,2007,RESMED INC (SAN DIEGO CA),haute,FAA
sp500,Rockwell Automation,Rockwell Automation (flotte société),N57AB,a74c12,BOMBARDIER INC CL-600-2B16(CL-604),2014,ROCKWELL AUTOMATION INC (MILWAUKEE WI),haute,FAA
sp500,Rockwell Automation,Rockwell Automation (flotte société),N68AB,a900e0,BOMBARDIER INC CL-600-2B16,2024,ROCKWELL AUTOMATION INC (MILWAUKEE WI),haute,FAA
sp500,Roper Technologies,Roper Technologies (flotte société),N3RP,a31c25,DASSAULT AVIATION FALCON 6X,2021,ROPER TECHNOLOGIES INC (SARASOTA FL),haute,FAA
sp500,Starbucks,Starbucks (flotte société),N19HS,a16692,GULFSTREAM AEROSPACE CORP GVI (G650ER),2019,TVPX AIRCRAFT SOLUTIONS INC TRUSTEE (NORTH SALT LAKE UT),moyenne,plane-alert-db + FAA
sp500,J.M. Smucker Company (The),J.M. Smucker Company (The) (flotte société),N1897S,a16579,DASSAULT AVIATION FALCON 2000EX,2012,J M SMUCKER CO (ORRVILLE OH),haute,FAA
sp500,J.M. Smucker Company (The),J.M. Smucker Company (The) (flotte société),N97SJ,ad82e5,DASSAULT AVIATION FALCON 900EX,2024,J M SMUCKER COMPANY (ORRVILLE OH),haute,FAA
sp500,Solventum,Solventum (flotte société),N610FX,a7ef51,EMBRAER SA EMB-550,2024,ROGER FERRIS & PARTNERS LLC (CLEVELAND OH),moyenne,FAA (copropriété)
sp500,State Street Corporation,State Street Corporation (flotte société),N5262,a6a1d6,BOMBARDIER INC BD-100-1A10,2006,STATE STREET CORP (SHELTON CT),haute,FAA
sp500,Stryker Corporation,Stryker Corporation (flotte société),N421SC,a500e9,DASSAULT AVIATION FALCON 2000EX,2016,STRYKER CORP (PORTAGE MI),haute,FAA
sp500,Stryker Corporation,Stryker Corporation (flotte société),N520SC,a68a81,DASSAULT AVIATION FALCON 2000EX,2017,STRYKER CORP (PORTAGE MI),haute,FAA
sp500,Stryker Corporation,Stryker Corporation (flotte société),N625SC,a82a63,BOMBARDIER INC BD-700-1A11,2014,STRYKER CORP (PORTAGE MI),haute,FAA
sp500,Target Corporation,Target Corporation (flotte société),N484EM,a5f7e5,IAI LTD GULFSTREAM G280,2018,(masqué par la FAA) ( ),moyenne,plane-alert-db + FAA
sp500,"UDR, Inc.","UDR, Inc. (flotte société)",N837RE,ab73d7,HAWKER BEECHCRAFT CORP 4000,2010,UDR INC (HIGHLANDS RANCH CO),haute,FAA
sp500,Visa Inc.,Visa Inc. (flotte société),N358V,a40460,GULFSTREAM AEROSPACE CORP GVI (G650ER),2015,US BANK NA (MARSHALL MN),moyenne,plane-alert-db + FAA
sp500,Vulcan Materials Company,Vulcan Materials Company (flotte société),N256RC,a26f42,DASSAULT AVIATION FALCON 2000EX,2021,VULCAN MATERIALS COMPANY (VESTAVIA AL),haute,FAA
sp500,Vulcan Materials Company,Vulcan Materials Company (flotte société),N957RC,ad5022,DASSAULT AVIATION FALCON 900EX,2014,VULCAN MATERIALS CO (BIRMINGHAM AL),haute,FAA
sp500,Verizon,Verizon (flotte société),N74VZ,a9f224,GULFSTREAM AEROSPACE CORP GV-SP (G550),2020,(masqué par la FAA) ( ),moyenne,plane-alert-db + FAA
sp500,Verizon,Verizon (flotte société),N76VZ,aa4122,GULFSTREAM AEROSPACE CORP GV-SP (G550),2020,(masqué par la FAA) ( ),moyenne,plane-alert-db + FAA
sp500,"Workday, Inc.","Workday, Inc. (flotte société)",N191MM,a16d01,DASSAULT AVIATION FALCON 7X,2012,WORKDAY INC (PLEASANTON CA),haute,FAA
sp500,Williams Companies,Williams Companies (flotte société),N281WC,a2d3a9,IAI LTD GULFSTREAM G280,2024,WILLIAMS COMPANIES INC (TULSA OK),haute,FAA
sp500,Walmart,Walmart (flotte société),N15DP,a0c82f,TEXTRON AVIATION INC 680,2017,WALMART INC (BENTONVILLE AR),haute,FAA
sp500,Walmart,Walmart (flotte société),N16CP,a0ef95,TEXTRON AVIATION INC 680,2016,WALMART INC (BENTONVILLE AR),haute,FAA
sp500,Walmart,Walmart (flotte société),N17ZP,a11921,TEXTRON AVIATION INC 680,2016,WALMART INC (BENTONVILLE AR),haute,FAA
sp500,Walmart,Walmart (flotte société),N45GH,a57061,LEARJET INC 45,,WALMART INC (BENTONVILLE AR),haute,FAA
sp500,Walmart,Walmart (flotte société),N45HK,a5707c,LEARJET INC 45,2007,WALMART INC (BENTONVILLE AR),haute,FAA
sp500,Walmart,Walmart (flotte société),N986BL,adc192,LEARJET INC 45,,WALMART INC (BENTONVILLE AR),haute,FAA
sp500,Wynn Resorts,Wynn Resorts (flotte société),N188WR,a16068,GULFSTREAM AEROSPACE CORP GVI (G650ER),2014,TVPX AIRCRAFT SOLUTIONS INC TRUSTEE (NORTH SALT LAKE UT),moyenne,plane-alert-db + FAA
sp500,Wynn Resorts,Wynn Resorts (flotte société),N88WR,ac1d80,GULFSTREAM AEROSPACE CORP GVIII-G700,2025,TVPX AIRCRAFT SOLUTIONS INC TRUSTEE (NORTH SALT LAKE UT),moyenne,plane-alert-db + FAA
sp500,Wynn Resorts,Wynn Resorts (flotte société),N969WR,ad7f99,IAI LTD GULFSTREAM G280,2018,BANK OF UTAH TRUSTEE (SALT LAKE CITY UT),moyenne,plane-alert-db + FAA
sp500,Zimmer Biomet,Zimmer Biomet (flotte société),N355ZB,a3f9a1,BOMBARDIER INC BD-100-1A10,2025,ZIMMER BIOMET LEASING LLC (WARSAW IN),haute,FAA
sp500,Zimmer Biomet,Zimmer Biomet (flotte société),N650ZB,a88efb,GULFSTREAM AEROSPACE CORP GVI (G650ER),2022,ZIMMER BIOMET LEASING LLC (OXFORD CT),haute,FAA
personnalites,Trump Organization,Donald Trump,N757AF,aa3410,Boeing 757-200,1991,DJT OPERATIONS I LLC,haute,FAA + plane-alert-db + celebplanes
personnalites,Etats-Unis (presidence),Air Force One (Donald Trump),82-8000,adfdf8,Boeing VC-25A,,"(USAF, hors registre civil)",haute,plane-alert-db + celebplanes
personnalites,Etats-Unis (presidence),Air Force One (Donald Trump),92-9000,adfdf9,Boeing VC-25A,,"(USAF, hors registre civil)",haute,plane-alert-db + celebplanes
personnalites,Etats-Unis (presidence),Air Force One (Donald Trump),25-3300,af83f3,"Boeing VC-25B (747-8, ex-Qatar)",,"(USAF, hors registre civil)",moyenne,plane-alert-db
personnalites,Etats-Unis (vice-presidence / cabinet),"Air Force Two (JD Vance, Marco Rubio...)",98-0001,adfeb7,Boeing C-32A (757-200),,"(USAF, flotte partagee)",moyenne,plane-alert-db
personnalites,Etats-Unis (vice-presidence / cabinet),"Air Force Two (JD Vance, Marco Rubio...)",98-0002,adfeb8,Boeing C-32A (757-200),,"(USAF, flotte partagee)",moyenne,plane-alert-db
personnalites,Etats-Unis (vice-presidence / cabinet),"Air Force Two (JD Vance, Marco Rubio...)",99-0003,adfeb9,Boeing C-32A (757-200),,"(USAF, flotte partagee)",moyenne,plane-alert-db
personnalites,Etats-Unis (vice-presidence / cabinet),"Air Force Two (JD Vance, Marco Rubio...)",99-0004,adfeba,Boeing C-32A (757-200),,"(USAF, flotte partagee)",moyenne,plane-alert-db
personnalites,Etats-Unis (vice-presidence / cabinet),"Air Force Two (JD Vance, Marco Rubio...)",09-0015,ae4ae6,Boeing C-32A (757-200),,"(USAF, flotte partagee)",moyenne,plane-alert-db
personnalites,Etats-Unis (vice-presidence / cabinet),"Air Force Two (JD Vance, Marco Rubio...)",09-0016,ae4ae8,Boeing C-32A (757-200),,"(USAF, flotte partagee)",moyenne,plane-alert-db
personnalites,Etats-Unis (vice-presidence / cabinet),"Air Force Two (JD Vance, Marco Rubio...)",09-0017,ae4aea,Boeing C-32A (757-200),,"(USAF, flotte partagee)",moyenne,plane-alert-db
personnalites,Etats-Unis (vice-presidence / cabinet),"Air Force Two (JD Vance, Marco Rubio...)",19-0018,ae4aec,Boeing C-32A (757-200),,"(USAF, flotte partagee)",moyenne,plane-alert-db
personnalites,Chine (gouvernement),Xi Jinping,B-2479,7bc006,Boeing 747-400,,,moyenne,plane-alert-db + celebplanes + hexdb.io
personnalites,Chine (gouvernement),Xi Jinping,B-2481,780d2c,Boeing 747-8 (Air China),,,moyenne,plane-alert-db + celebplanes + hexdb.io
personnalites,Chine (gouvernement),Xi Jinping,B-3999,7807fc,Boeing 737 BBJ (Beijing Airlines),,,moyenne,plane-alert-db + celebplanes + hexdb.io
personnalites,France (gouvernement),Emmanuel Macron,F-RARF,3b76ae,Airbus A330-223 (Cotam 001),,,haute,plane-alert-db + celebplanes
personnalites,France (gouvernement),Emmanuel Macron,F-RAFA,3b770d,Dassault Falcon 7X,,,haute,plane-alert-db + celebplanes
personnalites,France (gouvernement),Emmanuel Macron,F-RAFB,3b76b3,Dassault Falcon 7X,,,haute,plane-alert-db + celebplanes
personnalites,France (gouvernement),Emmanuel Macron,F-UJCU,3b7542,Airbus A330 MRTT Phenix,,,moyenne,plane-alert-db + celebplanes
personnalites,Royaume-Uni (gouvernement),Premier ministre / famille royale,G-GBNI,407dfc,Airbus A321neo,,,haute,plane-alert-db + celebplanes
personnalites,Royaume-Uni (gouvernement),Premier ministre / famille royale,G-ZABH,407d90,Dassault Falcon 900LX,,,haute,plane-alert-db + celebplanes
personnalites,Royaume-Uni (gouvernement),Premier ministre / famille royale,G-ZAHS,407d8f,Dassault Falcon 900LX,,,haute,plane-alert-db + celebplanes
personnalites,Allemagne (gouvernement),Chancelier,10+01,3ea12c,Airbus A350-941,,,haute,plane-alert-db
personnalites,Allemagne (gouvernement),Chancelier,10+02,3f5d91,Airbus A350-941,,,haute,plane-alert-db
personnalites,Allemagne (gouvernement),Chancelier,10+03,3e854f,Airbus A350-941,,,haute,plane-alert-db
personnalites,Japon (gouvernement),Premier ministre,80-1111,87c002,Boeing 777-300ER,,,haute,plane-alert-db + celebplanes
personnalites,Japon (gouvernement),Premier ministre,80-1112,87c003,Boeing 777-300ER,,,haute,plane-alert-db + celebplanes
personnalites,Inde (gouvernement),Narendra Modi,K7066,800585,Boeing 777-300ER (Air India One),,,haute,plane-alert-db + celebplanes + hexdb.io
personnalites,Inde (gouvernement),Narendra Modi,K7067,800c3d,Boeing 777-300ER (Air India One),,,haute,plane-alert-db + celebplanes + hexdb.io
personnalites,Inde (gouvernement),Narendra Modi,K5012,8002f6,Boeing 737 BBJ,,,haute,plane-alert-db + celebplanes + hexdb.io
personnalites,Turquie (gouvernement),Recep Tayyip Erdogan,TC-TUR,4bd2b2,Airbus ACJ330,,,haute,plane-alert-db + celebplanes
personnalites,Turquie (gouvernement),Recep Tayyip Erdogan,TC-TRK,4bd24b,Boeing 747-8 BBJ,,,haute,plane-alert-db + celebplanes
personnalites,Turquie (gouvernement),Recep Tayyip Erdogan,TC-CAN,4b8c2e,Airbus A340-500,,,haute,plane-alert-db + celebplanes
personnalites,Turquie (gouvernement),Recep Tayyip Erdogan,TC-ATA,4b8681,Gulfstream G-IV,,,haute,plane-alert-db + celebplanes
personnalites,Bresil (gouvernement),Lula da Silva,FAB2101,e400d9,Airbus VC-1A (A319),,,haute,plane-alert-db + celebplanes
personnalites,Canada (gouvernement),Premier ministre,330-002,c2c363,Airbus CC-330 Husky,,,haute,plane-alert-db + celebplanes
personnalites,Canada (gouvernement),Premier ministre,144-619,c2c1f1,Bombardier CC-144D Challenger,,,haute,plane-alert-db + celebplanes
personnalites,Canada (gouvernement),Premier ministre,144-620,c2c1fb,Bombardier CC-144D Challenger,,,haute,plane-alert-db + celebplanes
personnalites,Israel (gouvernement),Premier ministre,4X-ISR,7386c0,Boeing 767-300ER (Wing of Zion),,,haute,plane-alert-db + celebplanes
personnalites,Coree du Sud (gouvernement),President,22-001,71be43,Boeing 747-8,,,haute,plane-alert-db + celebplanes
personnalites,Arabie saoudite,Mohammed ben Salmane,HZ-HM1,710333,Boeing 747-400,,,haute,plane-alert-db + celebplanes
personnalites,Arabie saoudite,Mohammed ben Salmane,HZ-HMS2,710334,Airbus A340-200,,,moyenne,plane-alert-db (celebplanes donne 71032f)
personnalites,Arabie saoudite,Mohammed ben Salmane,HZ-HM3,710195,Boeing 787-8 BBJ,,,faible,celebplanes + hexdb.io (hex differents selon les sources)
personnalites,Arabie saoudite,Mohammed ben Salmane,HZ-HM4,71019b,Boeing 787-8 BBJ,,,faible,celebplanes + hexdb.io (hex differents selon les sources)
personnalites,Arabie saoudite,Mohammed ben Salmane,HZ-HM5,710190,Boeing 777-300ER,,,faible,celebplanes + hexdb.io (hex differents selon les sources)
personnalites,Arabie saoudite,Ministere des Finances,HZ-MF6,71022b,Boeing 737NG,,,moyenne,plane-alert-db + celebplanes
personnalites,Emirats arabes unis (Abu Dhabi),Mohammed ben Zayed,A6-ALN,896264,Boeing 777-200ER,,,haute,plane-alert-db + celebplanes
personnalites,Emirats arabes unis (Abu Dhabi),Mohammed ben Zayed,A6-PFA,8962e9,Boeing 747-8,,,haute,plane-alert-db + celebplanes
personnalites,Emirats arabes unis (Abu Dhabi),Mohammed ben Zayed,A6-PFC,89636e,Boeing 787,,,moyenne,plane-alert-db + celebplanes
personnalites,Emirats arabes unis (Abu Dhabi),Mohammed ben Zayed,A6-PFE,8964c9,Boeing 787 BBJ,,,moyenne,plane-alert-db + celebplanes
personnalites,Qatar (Qatar Amiri Flight),Emir Tamim ben Hamad Al Thani,A7-HHE,06a0a2,Boeing 747-8 BBJ,,,haute,plane-alert-db + celebplanes
personnalites,Qatar (Qatar Amiri Flight),Emir Tamim ben Hamad Al Thani,A7-HHF,06a2c3,Boeing 747-8 BBJ,,,haute,plane-alert-db + celebplanes
personnalites,Qatar (Qatar Amiri Flight),Emir Tamim ben Hamad Al Thani,A7-HHH,06a021,Airbus A340-541,,,haute,plane-alert-db + celebplanes
personnalites,Emirats arabes unis (Dubai Air Wing),Mohammed ben Rachid Al Maktoum,A6-COM,8961b4,Boeing 747,,,haute,plane-alert-db + celebplanes
personnalites,Emirats arabes unis (Dubai Air Wing),Mohammed ben Rachid Al Maktoum,A6-MMM,8960ae,Boeing 747,,,haute,plane-alert-db + celebplanes
personnalites,Emirats arabes unis (Dubai Air Wing),Mohammed ben Rachid Al Maktoum,A6-HRM,8960b4,Boeing 747,,,moyenne,plane-alert-db + celebplanes
personnalites,Emirats arabes unis (Dubai Air Wing),Mohammed ben Rachid Al Maktoum,A6-HHH,896438,Gulfstream G650,,,moyenne,plane-alert-db + celebplanes
personnalites,Emirats arabes unis (Dubai Air Wing),Mohammed ben Rachid Al Maktoum,A6-HRS,89605a,Boeing 737 BBJ,,,moyenne,plane-alert-db + celebplanes
personnalites,Emirats arabes unis (Dubai Air Wing),Mohammed ben Rachid Al Maktoum,A6-GGP,896272,Boeing 747-400F,,,moyenne,plane-alert-db + celebplanes
personnalites,Jordanie (gouvernement),Roi Abdallah II,VQ-BNZ,4243fd,Gulfstream G650ER,,,faible,plane-alert-db (celebplanes donne 424269)
personnalites,Monaco,Prince Albert II,3A-MGA,4d403f,Dassault Falcon 8X,,,haute,plane-alert-db + celebplanes
personnalites,Oracle,Larry Ellison,N417C,a4ee53,Cessna Citation CJ4,2010,WING AND A PRAYER INC,moyenne,celebplanes + FAA
personnalites,Dell,Michael Dell,N6D,a7c2d8,Gulfstream G700,2024,WILMINGTON TRUST CO TRUSTEE,moyenne,celebplanes + FAA (trust)
personnalites,Dell,Michael Dell,N228ZD,a200fc,Gulfstream G650ER,2015,TVPX AIRCRAFT SOLUTIONS INC TRUSTEE,moyenne,celebplanes + FAA (trust)
personnalites,Strategy (MicroStrategy),Michael Saylor,N3877,a47898,Bombardier Global Express XRS,2008,821 393 LLC,moyenne,celebplanes + FAA + hexdb.io
personnalites,News Corp / Fox,Rupert Murdoch,N898NC,ac643b,Gulfstream G650ER,2015,BANK OF UTAH TRUSTEE,moyenne,plane-alert-db + celebplanes + FAA (trust)
personnalites,Emerson Collective,Laurene Powell Jobs,N2N,a18e7d,Gulfstream G650,2017,BANK OF UTAH TRUSTEE,moyenne,celebplanes + hexdb.io (Marmalade Skies LLC) + FAA (trust)
personnalites,Alibaba,Jack Ma,VP-CAM,424779,Boeing 737 BBJ,,,faible,plane-alert-db (celebplanes indique VP-CZM)
personnalites,Reliance Industries,Mukesh Ambani,VT-AKV,80169f,Boeing 737 MAX 9 BBJ,,,haute,plane-alert-db + celebplanes
personnalites,Reliance Industries,Mukesh Ambani,VT-ASR,801533,Bombardier Global 7500,,,moyenne,celebplanes + hexdb.io
personnalites,Adani Group,Gautam Adani,VT-AGL,8014b9,Bombardier Global 6500,,,moyenne,celebplanes + hexdb.io (Karnavati Aviation)
personnalites,Adani Group,Gautam Adani,VT-AHM,801567,Embraer Legacy 650,,,moyenne,celebplanes + hexdb.io (Karnavati Aviation)
personnalites,Grupo Carso / America Movil,Carlos Slim,XA-ATL,0d02f1,Gulfstream G550,,,moyenne,celebplanes + hexdb.io (Aerofrisco)
personnalites,Grupo Carso / America Movil,Carlos Slim,XA-CLR,0d0bd1,Gulfstream G650,,,moyenne,celebplanes + hexdb.io (Aerofrisco)
personnalites,Millhouse,Roman Abramovich,LX-RAY,4d0207,Gulfstream G650ER,,,moyenne,plane-alert-db + celebplanes
personnalites,Virgin Group,Richard Branson,M-GGAL,4ca001,,,,faible,celebplanes seul
