icao24,window_start,fetched_at
a0046f,1789862400,1790716371
a0046f,1790035200,1790716357
a0046f,1790208000,1790716342
a0046f,1790380800,1790716321
a0046f,1790553600,1790716306
a21084,1789862400,1790716372
a21084,1790035200,1790716358
a21084,1790208000,1790716342
a21084,1790380800,1790716322
a21084,1790553600,1790716307
a2ae0a,1789862400,1790716371
a2ae0a,1790035200,1790716356
a2ae0a,1790208000,1790716339
a2ae0a,1790380800,1790716321
a2ae0a,1790553600,1790716304
a2d6c8,1789862400,1790716376
a2d6c8,1790035200,1790716364
a2d6c8,1790208000,1790716349
a2d6c8,1790380800,1790716332
a2d6c8,1790553600,1790716313
a2da7f,1789862400,1790716377
a2da7f,1790035200,1790716365
a2da7f,1790208000,1790716350
a2da7f,1790380800,1790716332
a2da7f,1790553600,1790716313
a326ca,1790035200,1790716369
a326ca,1790208000,1790716355
a326ca,1790380800,1790716338
a326ca,1790553600,1790716320
a47b5a,1789862400,1790716373
a47b5a,1790035200,1790716359
a47b5a,1790208000,1790716344
a47b5a,1790380800,1790716323
a47b5a,1790553600,1790716309
a5706f,1790035200,1790716368
a5706f,1790208000,1790716354
a5706f,1790380800,1790716336
a5706f,1790553600,1790716318
a597ee,1790035200,1790716369
a597ee,1790208000,1790716354
a597ee,1790380800,1790716337
a597ee,1790553600,1790716318
a5bf2c,1790035200,1790716370
a5bf2c,1790208000,1790716355
a5bf2c,1790380800,1790716339
a5bf2c,1790553600,1790716320
a5f06e,1789862400,1790716376
a5f06e,1790035200,1790716361
a5f06e,1790208000,1790716348
a5f06e,1790380800,1790716330
a5f06e,1790553600,1790716312
a5f7dc,1789862400,1790716376
a5f7dc,1790035200,1790716362
a5f7dc,1790208000,1790716348
a5f7dc,1790380800,1790716331
a5f7dc,1790553600,1790716312
a71db6,1789862400,1790716374
a71db6,1790035200,1790716360
a71db6,1790208000,1790716345
a71db6,1790380800,1790716326
a71db6,1790553600,1790716310
a835af,1789862400,1790716371
a835af,1790035200,1790716356
a835af,1790208000,1790716339
a835af,1790380800,1790716320
a835af,1790553600,1790716303
a8926a,1789862400,1790716372
a8926a,1790035200,1790716358
a8926a,1790208000,1790716343
a8926a,1790380800,1790716322
a8926a,1790553600,1790716307
a89621,1789862400,1790716372
a89621,1790035200,1790716358
a89621,1790208000,1790716343
a89621,1790380800,1790716322
a89621,1790553600,1790716308
a8c3a8,1789862400,1790716374
a8c3a8,1790035200,1790716361
a8c3a8,1790208000,1790716345
a8c3a8,1790380800,1790716328
a8c3a8,1790553600,1790716311
a901cd,1790035200,1790716369
a901cd,1790208000,1790716355
a901cd,1790380800,1790716338
a901cd,1790553600,1790716319
a91338,1790035200,1790716367
a91338,1790208000,1790716353
a91338,1790380800,1790716335
a91338,1790553600,1790716316
a9247d,1789862400,1790716373
a9247d,1790035200,1790716359
a9247d,1790208000,1790716343
a9247d,1790380800,1790716323
a9247d,1790553600,1790716309
a97659,1789862400,1790716374
a97659,1790035200,1790716360
a97659,1790208000,1790716344
a97659,1790380800,1790716324
a97659,1790553600,1790716310
aa87e4,1790035200,1790716368
aa87e4,1790208000,1790716353
aa87e4,1790380800,1790716335
aa87e4,1790553600,1790716316
ab2404,1790035200,1790716366
ab2404,1790208000,1790716351
ab2404,1790380800,1790716333
ab2404,1790553600,1790716314
ab5d36,1790035200,1790716368
ab5d36,1790208000,1790716354
ab5d36,1790380800,1790716336
ab5d36,1790553600,1790716317
ac145b,1790035200,1790716366
ac145b,1790208000,1790716351
ac145b,1790380800,1790716333
ac145b,1790553600,1790716314
ac1fdb,1790035200,1790716367
ac1fdb,1790208000,1790716351
ac1fdb,1790380800,1790716334
ac1fdb,1790553600,1790716315
ac2749,1790035200,1790716367
ac2749,1790208000,1790716352
ac2749,1790380800,1790716334
ac2749,1790553600,1790716315
ac559f,1789862400,1790716375
ac559f,1790035200,1790716361
ac559f,1790208000,1790716347
ac559f,1790380800,1790716329
ac559f,1790553600,1790716311
